split_mode,split_label,dataset_rows,model,stage,stage_label,feature_count,macro_f1_mean,macro_f1_ci95_half_width,balanced_accuracy_mean,reachable_macro_f1_mean,reachable_macro_f1_ci95_half_width,reachable_test_rows_mean,log_loss_mean,fit_seconds_mean,inference_seconds_mean
grouped,"Known robots, new cases",1000,Logistic regression,baseline,Baseline,108,0.6216673852953617,0.02106867908217537,0.6778412563996007,0.7101424277653926,0.020963973995477215,96.91666666666667,0.7628479712269445,0.010176701330541013,0.00022747233257784197
grouped,"Known robots, new cases",1000,Logistic regression,context_10,+10 difficulty/reach,118,0.7727267816824573,0.02036999237880206,0.7869100361745675,0.6884833698659906,0.023294812060257606,96.91666666666667,0.49715975026769793,0.012133184160726765,0.00017145849900164953
grouped,"Known robots, new cases",1000,Logistic regression,context_20,+20 geometry/state,128,0.7783544429242865,0.023216250019271138,0.7899008391799462,0.6977662648799701,0.028018356297251367,96.91666666666667,0.48579883182430533,0.012354354262546016,0.0001808230833072836
grouped,"Known robots, new cases",1000,Logistic regression,context_22,+22 full context,130,0.8126054367860318,0.017425448233206946,0.831960648208618,0.7401513734390869,0.024692809678692477,96.91666666666667,0.4171869193401556,0.013903840260657793,0.00017320159531664103
grouped,"Known robots, new cases",1000,MLP-24,baseline,Baseline,108,0.7852263639669107,0.020493741041412973,0.8048631450517415,0.7597023930881203,0.024055282787865263,96.91666666666667,0.4849389246809504,0.13809451757697389,0.00018185424657228091
grouped,"Known robots, new cases",1000,MLP-24,context_10,+10 difficulty/reach,118,0.7965796703306637,0.023800728717443223,0.805642712749015,0.7193697186406562,0.0302872085773715,96.91666666666667,0.4396301315391414,0.11013940274521399,0.00019486459981029233
grouped,"Known robots, new cases",1000,MLP-24,context_20,+20 geometry/state,128,0.7862012632299878,0.027668135992709657,0.7946207984444116,0.7146695261255038,0.031613859692005745,96.91666666666667,0.45692704306341536,0.08090241325165455,0.0002029096552481254
grouped,"Known robots, new cases",1000,MLP-24,context_22,+22 full context,130,0.8220065431611306,0.014098561634692223,0.8318415401217236,0.7695243741494916,0.02350061543732734,96.91666666666667,0.4228280519793907,0.08605192732647993,0.00019424299049812058
grouped,"Known robots, new cases",2000,Logistic regression,baseline,Baseline,108,0.6179926670283348,0.01614168929512019,0.6757013506324602,0.7116533783936685,0.019955172489826558,192.91666666666666,0.7614190506494523,0.011882944658282213,0.00027196867449674755
grouped,"Known robots, new cases",2000,Logistic regression,context_10,+10 difficulty/reach,118,0.7833069983843511,0.010858112693706155,0.7959503134263507,0.6829638639569232,0.015257871010587813,192.91666666666666,0.4805435392515733,0.02129720483693139,0.0002216459106421098
grouped,"Known robots, new cases",2000,Logistic regression,context_20,+20 geometry/state,128,0.7928454664393403,0.01444390290326814,0.8037310931161663,0.7042757647298918,0.021782168453865717,192.91666666666666,0.4698019769275797,0.024402826427831315,0.0002163194246046866
grouped,"Known robots, new cases",2000,Logistic regression,context_22,+22 full context,130,0.8369673518674358,0.011575300219903205,0.8564451987525638,0.7490207933454692,0.016944538026796657,192.91666666666666,0.38164166738414645,0.025184954749420285,0.00020198600153283527
grouped,"Known robots, new cases",2000,MLP-24,baseline,Baseline,108,0.8122839788630928,0.015556081902644587,0.8270164172004787,0.7583332183709716,0.01979753144045496,192.91666666666666,0.45493457045999247,0.2125915209132169,0.0002398855819289262
grouped,"Known robots, new cases",2000,MLP-24,context_10,+10 difficulty/reach,118,0.8467689358559586,0.010865539167172525,0.8575117064786201,0.7742146144289324,0.021144171373585766,192.91666666666666,0.3678381621198497,0.21746598625031766,0.00024263898861439279
grouped,"Known robots, new cases",2000,MLP-24,context_20,+20 geometry/state,128,0.8484264143881933,0.012126956869709089,0.854716363803878,0.7833104634994535,0.018091592322060528,192.91666666666666,0.3620985469016637,0.20464003459104183,0.00024450317141599953
grouped,"Known robots, new cases",2000,MLP-24,context_22,+22 full context,130,0.8518156083613686,0.012845467948171293,0.8620041372398776,0.7927016265776218,0.017383430156420174,192.91666666666666,0.3643055547356185,0.21486538183914186,0.00024431941953177255
grouped,"Known robots, new cases",3000,Logistic regression,baseline,Baseline,108,0.6146249952367481,0.0121149038764707,0.6713468681880318,0.709026526198627,0.019122143339308506,290.0833333333333,0.7644413697045108,0.01551739925344009,0.00022902766553064188
grouped,"Known robots, new cases",3000,Logistic regression,context_10,+10 difficulty/reach,118,0.7948950338911372,0.00803890299700281,0.8068470532167314,0.6964748853968062,0.007416906563540661,290.0833333333333,0.47085945656816847,0.03311200350678215,0.0002327395729177321
grouped,"Known robots, new cases",3000,Logistic regression,context_20,+20 geometry/state,128,0.8005239207713316,0.009762224994542766,0.8094012673718437,0.7150069696544757,0.010208231885719956,290.0833333333333,0.4617079821771342,0.039089135413329736,0.00022765290729391077
grouped,"Known robots, new cases",3000,Logistic regression,context_22,+22 full context,130,0.8424201094947382,0.010662284310709437,0.8566195724881389,0.7561859288459276,0.01437146497522769,290.0833333333333,0.3654478310850054,0.040035343656199984,0.00025704850365097326
grouped,"Known robots, new cases",3000,MLP-24,baseline,Baseline,108,0.8236670281579811,0.011520089066483778,0.8412592149810805,0.7644882826652132,0.01567254387822661,290.0833333333333,0.4382898093603132,0.27035283350657363,0.0002855451699967186
grouped,"Known robots, new cases",3000,MLP-24,context_10,+10 difficulty/reach,118,0.8636933231772902,0.011718495299929152,0.8741776884752493,0.7971195562000438,0.014447524321866788,290.0833333333333,0.3220631008493355,0.2739103089115815,0.0003010069243221854
grouped,"Known robots, new cases",3000,MLP-24,context_20,+20 geometry/state,128,0.8692010120597677,0.009605190581181425,0.8781294170786552,0.8148381256605264,0.009041848991181312,290.0833333333333,0.32649182152090556,0.3198474547486209,0.00028533333776673925
grouped,"Known robots, new cases",3000,MLP-24,context_22,+22 full context,130,0.8585308203513797,0.006825852183742527,0.8707593454238206,0.797394975295944,0.011234835022136696,290.0833333333333,0.3368898500497039,0.2670882951739865,0.0002838264238865425
grouped,"Known robots, new cases",4000,Logistic regression,baseline,Baseline,108,0.6173436081747622,0.009583600365212408,0.6741850818648157,0.7113000676600033,0.011900413554212102,387.5,0.7597258761319097,0.019102423582808115,0.00024756234294424456
grouped,"Known robots, new cases",4000,Logistic regression,context_10,+10 difficulty/reach,118,0.8019389884687306,0.007433114218091493,0.8147484940997635,0.7039810253011,0.008136940700372733,387.5,0.4585490483030112,0.04655586450826377,0.00026089225139003247
grouped,"Known robots, new cases",4000,Logistic regression,context_20,+20 geometry/state,128,0.8054556669992509,0.00776204283406816,0.816896552960193,0.71843476702762,0.009963445177059044,387.5,0.4489632131246653,0.05151981958867206,0.00026509024125213426
grouped,"Known robots, new cases",4000,Logistic regression,context_22,+22 full context,130,0.84874382805206,0.008281364325347719,0.8650981988693869,0.7610299968828224,0.012229351397393453,387.5,0.35393067474261236,0.05380149658109682,0.0002618126697295035
grouped,"Known robots, new cases",4000,MLP-24,baseline,Baseline,108,0.8381293716409542,0.010980574683893322,0.8569263478430402,0.794678970534683,0.010281595666918653,387.5,0.3970929437914086,0.35865560083281406,0.0003430243377806619
grouped,"Known robots, new cases",4000,MLP-24,context_10,+10 difficulty/reach,118,0.8768632148527641,0.007455662442181101,0.8841907032751255,0.8148992687651889,0.011738662249227606,387.5,0.2847840197152968,0.35520455207733903,0.00032974666585990536
grouped,"Known robots, new cases",4000,MLP-24,context_20,+20 geometry/state,128,0.876769142410489,0.012460588899650646,0.8871601748239971,0.8196033844822556,0.02012988953489484,387.5,0.2868946720859265,0.3167767951769444,0.00033938557802078623
grouped,"Known robots, new cases",4000,MLP-24,context_22,+22 full context,130,0.8799178630493998,0.007092593083431874,0.8902086320727011,0.8263710552258235,0.009371411325525684,387.5,0.2833215391779531,0.358774607758581,0.00033999658868803334
grouped,"Known robots, new cases",5000,Logistic regression,baseline,Baseline,108,0.627272094747283,0.008504706053663578,0.6823677362327706,0.7170462425115205,0.00940099156495951,488.6666666666667,0.7500952299555562,0.02057580200198572,0.0002752706641331315
grouped,"Known robots, new cases",5000,Logistic regression,context_10,+10 difficulty/reach,118,0.8046753139225072,0.00649270552178724,0.8181892580907766,0.7073926869396902,0.007306220703373536,488.6666666666667,0.4584803146479896,0.06368331933723918,0.00036406599974725395
grouped,"Known robots, new cases",5000,Logistic regression,context_20,+20 geometry/state,128,0.8087416196640781,0.00749508402063688,0.8203057920370332,0.7223824147808817,0.009112662698699536,488.6666666666667,0.4470866887675013,0.07161420492532973,0.00031327766191679984
grouped,"Known robots, new cases",5000,Logistic regression,context_22,+22 full context,130,0.8484740278972027,0.007821636394496052,0.8653427565056137,0.7584557675863625,0.012340695113595397,488.6666666666667,0.35160056175208193,0.07609744083796006,0.0003172640038731818
grouped,"Known robots, new cases",5000,MLP-24,baseline,Baseline,108,0.8430590707001707,0.005784765961728631,0.8596224301232063,0.7953875610016897,0.00940754497662885,488.6666666666667,0.3872414924388255,0.4367381701692163,0.0003690104155490796
grouped,"Known robots, new cases",5000,MLP-24,context_10,+10 difficulty/reach,118,0.8861601079483047,0.008992175542197056,0.8965386104892975,0.8303109600839494,0.013087767211963313,488.6666666666667,0.2677897704582037,0.5107059306610608,0.0003755240807853018
grouped,"Known robots, new cases",5000,MLP-24,context_20,+20 geometry/state,128,0.8863266263443402,0.007575976471427947,0.8962839727175251,0.8335055300825039,0.010837334518156983,488.6666666666667,0.28363525905622883,0.5526387637364678,0.00041136457002721727
grouped,"Known robots, new cases",5000,MLP-24,context_22,+22 full context,130,0.8861054165103285,0.007188006825425659,0.8964225381246474,0.8319740644027586,0.009911406916736452,488.6666666666667,0.27694500104396963,0.44902332992448163,0.0003933159896405414
grouped,"Known robots, new cases",6000,Logistic regression,baseline,Baseline,108,0.6270408861338329,0.007373166444213786,0.6817851808494516,0.7193985368985745,0.009463046405137166,580.5833333333334,0.7483561161112521,0.023846666658452403,0.0003215209095894049
grouped,"Known robots, new cases",6000,Logistic regression,context_10,+10 difficulty/reach,118,0.8074799804404061,0.006411878537596469,0.820593535327219,0.7076948754126691,0.007746839738351611,580.5833333333334,0.4533941931205439,0.07553853825568997,0.0003289444139227271
grouped,"Known robots, new cases",6000,Logistic regression,context_20,+20 geometry/state,128,0.8113372805797302,0.006985904671661512,0.8230222707718419,0.724609048708444,0.009260514511490075,580.5833333333334,0.4423058331052234,0.08954734383830025,0.00034176017409966636
grouped,"Known robots, new cases",6000,Logistic regression,context_22,+22 full context,130,0.8519220254453592,0.007065457233466817,0.8677537185596581,0.7618145790886054,0.010084757564283654,580.5833333333334,0.3423199423038286,0.09318745842028875,0.00036175708131243783
grouped,"Known robots, new cases",6000,MLP-24,baseline,Baseline,108,0.849903620480119,0.007303159759142763,0.8673607083307867,0.7990702007495356,0.009392600451544428,580.5833333333334,0.3801226576242511,0.5252645555883646,0.0003990972424314047
grouped,"Known robots, new cases",6000,MLP-24,context_10,+10 difficulty/reach,118,0.8908301795195802,0.008064129160272063,0.9018276334504994,0.8362332301658943,0.01275138970695411,580.5833333333334,0.26036773226662946,0.6526243924211789,0.00040896165592130274
grouped,"Known robots, new cases",6000,MLP-24,context_20,+20 geometry/state,128,0.8921814265437783,0.010097244916637263,0.9005634245691247,0.8411289034838682,0.015794760779132336,580.5833333333334,0.26929062571768475,0.53909844783387,0.00041603467252571136
grouped,"Known robots, new cases",6000,MLP-24,context_22,+22 full context,130,0.8896928902874538,0.006481483846486282,0.8989340140529345,0.8397653819122678,0.008262620636188303,580.5833333333334,0.26713302986928755,0.5817831666742374,0.00042997925872138393
grouped,"Known robots, new cases",7000,Logistic regression,baseline,Baseline,108,0.6215770605256493,0.00797843039281575,0.6795126121445701,0.7149545009644642,0.007586267870614051,685.0,0.7527361566970403,0.023796878502859425,0.00034328466669345897
grouped,"Known robots, new cases",7000,Logistic regression,context_10,+10 difficulty/reach,118,0.8072006499229011,0.005836867054633707,0.8192445156670516,0.7059701248673628,0.0065417177924040944,685.0,0.4521815300821894,0.09835501740841816,0.00036362508156647283
grouped,"Known robots, new cases",7000,Logistic regression,context_20,+20 geometry/state,128,0.8098014371341424,0.006613142120480271,0.8204990321508351,0.7203782121262812,0.00968598423925476,685.0,0.4414207459671815,0.11252847233360323,0.00038550007351053256
grouped,"Known robots, new cases",7000,Logistic regression,context_22,+22 full context,130,0.849591077405715,0.006472928303198445,0.865080914946636,0.7552780832668335,0.009523945365696982,685.0,0.3410536263308495,0.11344730550384459,0.0003982464938114087
grouped,"Known robots, new cases",7000,MLP-24,baseline,Baseline,108,0.8508992441394505,0.006484512105440662,0.8660243938358673,0.803529319432097,0.009406316132051656,685.0,0.3678774475986594,0.519788090173582,0.0004812084080185741
grouped,"Known robots, new cases",7000,MLP-24,context_10,+10 difficulty/reach,118,0.8936715029684917,0.009858462249882224,0.9034704386930245,0.8405456577712195,0.015709699388323388,685.0,0.25164679175651344,0.7104064893452838,0.00044609717345641303
grouped,"Known robots, new cases",7000,MLP-24,context_20,+20 geometry/state,128,0.8971254039558074,0.006008738689241638,0.9033787114783244,0.8502758237968515,0.009779788489648812,685.0,0.25461009701466075,0.5802123679944392,0.000493635336169973
grouped,"Known robots, new cases",7000,MLP-24,context_22,+22 full context,130,0.8986500021630931,0.004565169143413921,0.9035797629133047,0.8545626124999934,0.006051124214084777,685.0,0.2439812214088952,0.6462155104236444,0.00048499992408324033
grouped,"Known robots, new cases",8000,Logistic regression,baseline,Baseline,108,0.6195468465215405,0.008278189429312677,0.6787323146485248,0.7113709478738679,0.009419916592072922,782.0,0.7531427081031978,0.025845979083290633,0.00037338541975865763
grouped,"Known robots, new cases",8000,Logistic regression,context_10,+10 difficulty/reach,118,0.8059712767901908,0.006359057750927731,0.818629661429331,0.7051476291176404,0.0065868003720499155,782.0,0.45434871465181387,0.11410957316305333,0.0003929585072910413
grouped,"Known robots, new cases",8000,Logistic regression,context_20,+20 geometry/state,128,0.8081032061539304,0.007113233665022485,0.8189815559186812,0.7180366209004919,0.009019015025972648,782.0,0.4440677863449329,0.13079919108228447,0.00040425683740371216
grouped,"Known robots, new cases",8000,Logistic regression,context_22,+22 full context,130,0.8493188053556723,0.006473673564358476,0.866245993044063,0.7552078051039467,0.009449405594412626,782.0,0.33828739633973665,0.13625015283954175,0.0004511182535983001
grouped,"Known robots, new cases",8000,MLP-24,baseline,Baseline,108,0.8520845287059382,0.00686552021134683,0.8679748692277736,0.7999857189106289,0.008176519453032029,782.0,0.3629047071059703,0.6425698368257144,0.0005043959196579332
grouped,"Known robots, new cases",8000,MLP-24,context_10,+10 difficulty/reach,118,0.8983734610524476,0.007688304148623456,0.9061968666567873,0.8482961449695545,0.009821355388423662,782.0,0.23585040027617432,0.7582106736663263,0.000530059085576795
grouped,"Known robots, new cases",8000,MLP-24,context_20,+20 geometry/state,128,0.9000966500356036,0.003766101492171461,0.908648594695591,0.852311565199785,0.005500973261575616,782.0,0.2427399392779361,0.746408392325975,0.0005044930876465514
grouped,"Known robots, new cases",8000,MLP-24,context_22,+22 full context,130,0.896110942538141,0.00860914231920825,0.9047364796507537,0.848390416582474,0.011433268296973876,782.0,0.2514160968794789,0.7262865659868112,0.0005281040842722481
grouped,"Known robots, new cases",9000,Logistic regression,baseline,Baseline,108,0.6213131904901712,0.007599361925123374,0.6789471331206012,0.7140458520272143,0.007580012265138129,877.75,0.7514357062802288,0.029318437659336876,0.00041813899588305503
grouped,"Known robots, new cases",9000,Logistic regression,context_10,+10 difficulty/reach,118,0.8100852117648815,0.005528221128241135,0.8219270224421437,0.711708325176907,0.005054245504709207,877.75,0.4513150514009463,0.13258290266094264,0.00044823624193668365
grouped,"Known robots, new cases",9000,Logistic regression,context_20,+20 geometry/state,128,0.81045292052865,0.005717558146037124,0.8208798212780065,0.7236281990337373,0.0073467176820742235,877.75,0.4419043705435286,0.15882575691405995,0.0004673541698139161
grouped,"Known robots, new cases",9000,Logistic regression,context_22,+22 full context,130,0.8497698463889999,0.006543730855919182,0.8667313836833933,0.7554608487707606,0.009207078851737318,877.75,0.3365264276655064,0.16651806250835458,0.0004468679107958451
grouped,"Known robots, new cases",9000,MLP-24,baseline,Baseline,108,0.851429164074077,0.00623710486847595,0.8674998908295395,0.8050356395286685,0.007015026142669841,877.75,0.36259624064802076,0.7485104548250092,0.0005226039987367889
grouped,"Known robots, new cases",9000,MLP-24,context_10,+10 difficulty/reach,118,0.9007751256487331,0.004954437436697097,0.9099099833143679,0.8514658580808369,0.0071459927864706875,877.75,0.23852586797925515,0.8960267327493057,0.000563031256509324
grouped,"Known robots, new cases",9000,MLP-24,context_20,+20 geometry/state,128,0.9034457291895572,0.005752200333048947,0.9129356775684156,0.8580649204260329,0.0070128593822575205,877.75,0.2364970397294287,0.7935439408368742,0.0005415832420112565
grouped,"Known robots, new cases",9000,MLP-24,context_22,+22 full context,130,0.9021335619590727,0.006534238142837747,0.9112405202692183,0.8571022360571954,0.009408988056855857,877.75,0.23621996471224008,0.8596216910809744,0.0005882429977646098
grouped,"Known robots, new cases",10000,Logistic regression,baseline,Baseline,108,0.6217075099277509,0.0072697139764544725,0.679409125593117,0.7153477716310128,0.008615240992954938,972.0833333333334,0.7508105821915487,0.03553591683642784,0.0004869791688785578
grouped,"Known robots, new cases",10000,Logistic regression,context_10,+10 difficulty/reach,118,0.8106944316836558,0.005128911938602826,0.8226331354932004,0.7124648004190474,0.004178560716065777,972.0833333333334,0.446344741968322,0.16139348974199189,0.0005272535005739579
grouped,"Known robots, new cases",10000,Logistic regression,context_20,+20 geometry/state,128,0.8130272318101412,0.005418112119697241,0.8236010459797702,0.72641292013917,0.006089429338542309,972.0833333333334,0.4366161781266056,0.1881342188377554,0.0005295312536569933
grouped,"Known robots, new cases",10000,Logistic regression,context_22,+22 full context,130,0.8526601072915168,0.006158399466747642,0.8696146370366101,0.7605031340557108,0.008645092524439632,972.0833333333334,0.3300829450235381,0.2087455139941691,0.000545364668748031
grouped,"Known robots, new cases",10000,MLP-24,baseline,Baseline,108,0.8561962655077208,0.00603357785774649,0.8709989527976575,0.8089621014028089,0.009205416372035181,972.0833333333334,0.34780440411948493,0.7935564132494619,0.0006487292606228342
grouped,"Known robots, new cases",10000,MLP-24,context_10,+10 difficulty/reach,118,0.9029533524817165,0.0068707915043225345,0.9133141272965813,0.8542076157611326,0.01069928585217754,972.0833333333334,0.2325081854968197,1.157293020922225,0.0005993820135093605
grouped,"Known robots, new cases",10000,MLP-24,context_20,+20 geometry/state,128,0.9070279946539325,0.008608000891684203,0.9152278164749511,0.8628613137416234,0.01145251075194807,972.0833333333334,0.22258922210236687,1.0593772394931875,0.0006389652504973734
grouped,"Known robots, new cases",10000,MLP-24,context_22,+22 full context,130,0.9020419105927711,0.005808121964907707,0.9109145951959058,0.8566505429021573,0.00822262944685183,972.0833333333334,0.22931956399479503,0.9345030453405343,0.0006182985768343011
robot-held-out,Completely unseen robot,1000,Logistic regression,baseline,Baseline,108,0.28450049481547685,0.05151144363664711,0.36701813766442254,0.2594879346572799,0.053193819848700516,163.0,1.3399554993152056,0.007257385504393217,0.00017528125317767262
robot-held-out,Completely unseen robot,1000,Logistic regression,context_10,+10 difficulty/reach,118,0.31290827343146727,0.06294311116661377,0.403534843661413,0.2608057763864901,0.06149940234787234,163.0,1.4603180446568924,0.010184649499327255,0.00017046874078611532
robot-held-out,Completely unseen robot,1000,Logistic regression,context_20,+20 geometry/state,128,0.41128289329649426,0.07743048060589729,0.47528149032924166,0.27944018434317586,0.03841257457760744,163.0,1.0691898610698523,0.012109312587805713,0.00019036465770720193
robot-held-out,Completely unseen robot,1000,Logistic regression,context_22,+22 full context,130,0.35138430498357315,0.08078280310163241,0.44927164549426873,0.2131416368474854,0.08841363755534222,163.0,1.1901068840250832,0.012094243002745012,0.0001720556707975144
robot-held-out,Completely unseen robot,1000,MLP-24,baseline,Baseline,108,0.3071638432065788,0.04815766388235529,0.3965473333079501,0.22305447962941471,0.08262769089058529,163.0,2.622612526685133,0.10923740274544495,0.00021399642476656786
robot-held-out,Completely unseen robot,1000,MLP-24,context_10,+10 difficulty/reach,118,0.34158218319555567,0.057570642641301475,0.39950104254316315,0.23470225058997093,0.06009852300330956,163.0,1.2095888472587888,0.06179950000174964,0.000209708411906225
robot-held-out,Completely unseen robot,1000,MLP-24,context_20,+20 geometry/state,128,0.38336983326357177,0.08251898894745997,0.4268977968937296,0.26889443499672344,0.08732147614142799,163.0,1.2948219320833012,0.05736165966178911,0.00022297559674674025
robot-held-out,Completely unseen robot,1000,MLP-24,context_22,+22 full context,130,0.3714459795655547,0.06922364499752492,0.4341322837692394,0.26160749924914795,0.10166522039052417,163.0,1.39220228120975,0.07802806242155687,0.00021138525335118175
robot-held-out,Completely unseen robot,2000,Logistic regression,baseline,Baseline,108,0.25125212864257523,0.035424873848709584,0.35310155074156624,0.2570058966149595,0.05678003680497753,326.0,1.353268105282434,0.011280229009571485,0.00023652767898359647
robot-held-out,Completely unseen robot,2000,Logistic regression,context_10,+10 difficulty/reach,118,0.2758643632034032,0.09427401708968042,0.38555425198705073,0.243292148723104,0.07864640737966776,326.0,2.0271241793883976,0.02114423951328111,0.00022800367150921375
robot-held-out,Completely unseen robot,2000,Logistic regression,context_20,+20 geometry/state,128,0.3313909693275019,0.08022996395442493,0.39321820356671017,0.22893443556308868,0.07427051227657505,326.0,1.334884663088469,0.024627791664291483,0.00023064916119134674
robot-held-out,Completely unseen robot,2000,Logistic regression,context_22,+22 full context,130,0.31783022602568656,0.08286900020002151,0.4337247138276032,0.19825904156148344,0.10935499857716122,326.0,1.7587247077870822,0.0219591806671815,0.00023135749506764114
robot-held-out,Completely unseen robot,2000,MLP-24,baseline,Baseline,108,0.3085604096646146,0.06286159402918956,0.4232071520164495,0.2310079499423031,0.08861834671112837,326.0,2.450245767706845,0.17771248607702242,0.0002888192345077793
robot-held-out,Completely unseen robot,2000,MLP-24,context_10,+10 difficulty/reach,118,0.4503607328533474,0.08927255236301168,0.4732404978065276,0.29807828501728256,0.059862269630831785,326.0,1.2260575491310828,0.18192377767021148,0.0002910937425137187
robot-held-out,Completely unseen robot,2000,MLP-24,context_20,+20 geometry/state,128,0.4379998917821439,0.06905524133773996,0.4779648919681338,0.3058682208636325,0.050773945934147253,326.0,1.6043148195701822,0.21729472223766302,0.00029302091570571065
robot-held-out,Completely unseen robot,2000,MLP-24,context_22,+22 full context,130,0.4514384907786773,0.048730898178455745,0.47215489605128114,0.33088078386253533,0.05503789454433428,326.0,1.2126969100063534,0.19144338198627034,0.00032666325084088993
robot-held-out,Completely unseen robot,3000,Logistic regression,baseline,Baseline,108,0.24760927684803882,0.03766344369197306,0.35274459244149753,0.24411560829230838,0.0640268488589776,489.0,1.3658875749229573,0.016684631928607512,0.0002696529118111357
robot-held-out,Completely unseen robot,3000,Logistic regression,context_10,+10 difficulty/reach,118,0.26595864435322963,0.09722695012456814,0.3809410166474658,0.23659713931113566,0.08008954845098361,489.0,2.2714861389419996,0.03012670491201182,0.0002880799196039637
robot-held-out,Completely unseen robot,3000,Logistic regression,context_20,+20 geometry/state,128,0.254068825490818,0.1057537781828335,0.33396784510527094,0.1723320539108728,0.09446292695885362,489.0,1.669308604067971,0.035512361243794054,0.0002899756655097008
robot-held-out,Completely unseen robot,3000,Logistic regression,context_22,+22 full context,130,0.3165496392425599,0.08351021631591049,0.43627292814295915,0.19508623620813872,0.10886586057990753,489.0,2.102247435916684,0.03330970817963438,0.00028707315505016595
robot-held-out,Completely unseen robot,3000,MLP-24,baseline,Baseline,108,0.32566641193967694,0.06450327983916045,0.4145855421175533,0.2349527236723364,0.09531378883927359,489.0,2.5457698204170898,0.24895480551155438,0.0003620869053217272
robot-held-out,Completely unseen robot,3000,MLP-24,context_10,+10 difficulty/reach,118,0.46529441416569517,0.081485285052733,0.5027769134412373,0.33428225360548597,0.05932272886024789,489.0,1.1344579469876437,0.3091325209194717,0.00036515641841106117
robot-held-out,Completely unseen robot,3000,MLP-24,context_20,+20 geometry/state,128,0.3966774933421449,0.07753052708895679,0.4614379357919339,0.27568320864705753,0.08347242988159767,489.0,2.0784265846465293,0.27713707300426904,0.00035355575285696733
robot-held-out,Completely unseen robot,3000,MLP-24,context_22,+22 full context,130,0.4288240677391275,0.08417038789954176,0.4837849824484672,0.29502687573809916,0.08351314697514378,489.0,1.6098745790971094,0.2718439236632548,0.0003893229052967702
robot-held-out,Completely unseen robot,4000,Logistic regression,baseline,Baseline,108,0.2381531649672224,0.04327358085147772,0.3403892912317061,0.22578638638884815,0.07908436067691364,652.0,1.3909600920991119,0.019451295069302432,0.00033646190907650936
robot-held-out,Completely unseen robot,4000,Logistic regression,context_10,+10 difficulty/reach,118,0.27061080202822546,0.099680906104699,0.38393827200612823,0.2416450060762598,0.08184291882279425,652.0,2.515911585333865,0.040231156162917614,0.00034064941670900833
robot-held-out,Completely unseen robot,4000,Logistic regression,context_20,+20 geometry/state,128,0.23237975453851378,0.1151146792571337,0.3172769370749204,0.16818453558339155,0.09685532883157998,652.0,1.9523555466410853,0.04820586090014937,0.0003432049124967307
robot-held-out,Completely unseen robot,4000,Logistic regression,context_22,+22 full context,130,0.32448285171177366,0.08703562782289773,0.4452442398076288,0.20069762117627932,0.11379495897455533,652.0,2.299561010840955,0.04567452417783594,0.00033903474589654553
robot-held-out,Completely unseen robot,4000,MLP-24,baseline,Baseline,108,0.3276422074009125,0.06020582085704432,0.40210746383896967,0.23428437993797935,0.09227875919706187,652.0,2.8863335913312493,0.26301672582728014,0.0004359688367306565
robot-held-out,Completely unseen robot,4000,MLP-24,context_10,+10 difficulty/reach,118,0.483126436019385,0.07654112156521295,0.5025148157532747,0.3447685557514639,0.05564576422719522,652.0,1.0998195443686318,0.332515256741317,0.0004307602406091367
robot-held-out,Completely unseen robot,4000,MLP-24,context_20,+20 geometry/state,128,0.40440060040686426,0.09151621557624344,0.4659728931687477,0.29797823002526996,0.10065672008313348,652.0,2.290569491852714,0.285280451416232,0.0004538228289068987
robot-held-out,Completely unseen robot,4000,MLP-24,context_22,+22 full context,130,0.4285985212866205,0.06560756816025796,0.47904064029563864,0.3064117341349855,0.07859885622353395,652.0,2.064945838695285,0.30269256933631067,0.0004374443330258752
robot-held-out,Completely unseen robot,5000,Logistic regression,baseline,Baseline,108,0.2431007261727353,0.03983923290102623,0.3480901577277988,0.23025216222344966,0.07449228662702496,815.0,1.3792768060011704,0.018051392418177176,0.0003732327507653584
robot-held-out,Completely unseen robot,5000,Logistic regression,context_10,+10 difficulty/reach,118,0.2617124234008486,0.09593901319006418,0.3760913639636525,0.232989059997787,0.07932534584941475,815.0,2.8135930222079164,0.04851426033807608,0.00039312833299239475
robot-held-out,Completely unseen robot,5000,Logistic regression,context_20,+20 geometry/state,128,0.23414024727833282,0.11416381532559926,0.32295970537510105,0.18870490658673122,0.08808823113407986,815.0,2.0027886446469343,0.058356239508915074,0.0004052705820261811
robot-held-out,Completely unseen robot,5000,Logistic regression,context_22,+22 full context,130,0.32070566375748905,0.08691999686669492,0.4409018938757505,0.19684369889750744,0.11249031192380203,815.0,2.1104899852310677,0.06480458341441893,0.00043606934195850044
robot-held-out,Completely unseen robot,5000,MLP-24,baseline,Baseline,108,0.33044766529372277,0.0636182850616376,0.40024391300513895,0.2427946835870399,0.09481857128607338,815.0,2.841138709836781,0.3588201770908199,0.00047274983080569655
robot-held-out,Completely unseen robot,5000,MLP-24,context_10,+10 difficulty/reach,118,0.46776769205235325,0.07299829339635955,0.49451986343249166,0.35287929703221166,0.06247606215547763,815.0,1.3033301456718682,0.4308963019187407,0.0004933125795408463
robot-held-out,Completely unseen robot,5000,MLP-24,context_20,+20 geometry/state,128,0.4003485042323281,0.08217639598435028,0.4491884852521069,0.2969230627073654,0.10330200878015552,815.0,2.0389297567076397,0.40344526041978196,0.0005049511673860252
robot-held-out,Completely unseen robot,5000,MLP-24,context_22,+22 full context,130,0.4677583927734994,0.05554378991506758,0.5123723571379694,0.337745668307813,0.08064060225900141,815.0,1.225388714049423,0.4018423820040577,0.000503531414627408
robot-held-out,Completely unseen robot,6000,Logistic regression,baseline,Baseline,108,0.24065578690176945,0.04098936876731386,0.34626374774344515,0.22726012424256395,0.07690320400379208,978.0,1.3896037139888264,0.022527729330856044,0.00042308683138495934
robot-held-out,Completely unseen robot,6000,Logistic regression,context_10,+10 difficulty/reach,118,0.2634138838665497,0.09685080740638181,0.3751507452823843,0.23306550500777626,0.07961419872846322,978.0,2.828567892291943,0.05526175700166883,0.0004510105015166725
robot-held-out,Completely unseen robot,6000,Logistic regression,context_20,+20 geometry/state,128,0.2380889909016237,0.1179248686264407,0.3268461505474737,0.1923362414257256,0.0909243114192081,978.0,2.0490879168392513,0.07577976390894037,0.0004746250876147921
robot-held-out,Completely unseen robot,6000,Logistic regression,context_22,+22 full context,130,0.3258633668631143,0.09013758398875471,0.44758048392518707,0.20148093180089174,0.11570852704991842,978.0,2.170054980819599,0.08147247224890937,0.00046515958577704925
robot-held-out,Completely unseen robot,6000,MLP-24,baseline,Baseline,108,0.3183051451678521,0.06202585924325801,0.40069603118548786,0.2337500583371203,0.09207662060397893,978.0,3.233458897340791,0.45900419775474194,0.000542485824553296
robot-held-out,Completely unseen robot,6000,MLP-24,context_10,+10 difficulty/reach,118,0.4846982407058644,0.0689094292715792,0.5226095560829606,0.3528381914245542,0.052266227345077736,978.0,1.1302164195771776,0.44443439933335566,0.0005784305831184611
robot-held-out,Completely unseen robot,6000,MLP-24,context_20,+20 geometry/state,128,0.4166028036032517,0.09294889517806573,0.4637107297744884,0.2962524725491781,0.09862378902840457,978.0,2.243986679293429,0.42667857283959165,0.0005803750003299987
robot-held-out,Completely unseen robot,6000,MLP-24,context_22,+22 full context,130,0.4410024669669987,0.060014617981743436,0.48123112360359616,0.31926704851172744,0.09170051968173612,978.0,1.3414968069747708,0.40899605575153447,0.0005998541601002216
robot-held-out,Completely unseen robot,7000,Logistic regression,baseline,Baseline,108,0.23855047617317326,0.0418958572391153,0.34360509414071644,0.224195558502886,0.07950669052485497,1141.0,1.3888204580215253,0.02423841674559905,0.00046577082927494
robot-held-out,Completely unseen robot,7000,Logistic regression,context_10,+10 difficulty/reach,118,0.2643913544134759,0.09727496395040833,0.3771914651544494,0.23452279683340327,0.0799638693812271,1141.0,2.9562077403575664,0.06981644092108279,0.0005099026602692902
robot-held-out,Completely unseen robot,7000,Logistic regression,context_20,+20 geometry/state,128,0.22843870390941104,0.12030241728266056,0.3183833586762933,0.1845372529785697,0.09098895749871012,1141.0,2.147529035828103,0.09584853483344584,0.0005060555704403669
robot-held-out,Completely unseen robot,7000,Logistic regression,context_22,+22 full context,130,0.327089825050031,0.09013177420566242,0.4471339638404021,0.20387412032028088,0.11636638300468798,1141.0,2.0917509002451977,0.09600808657705784,0.0005270035811311876
robot-held-out,Completely unseen robot,7000,MLP-24,baseline,Baseline,108,0.32371357957301433,0.059073672684599496,0.38844014122147574,0.2287391983463076,0.0912071689179746,1141.0,3.1215754342050075,0.3840164792442617,0.0006299305678112432
robot-held-out,Completely unseen robot,7000,MLP-24,context_10,+10 difficulty/reach,118,0.4865454110916925,0.07819216489502293,0.5248456680353588,0.3556654523109042,0.05739461439977621,1141.0,1.2615015011024981,0.6056693509211376,0.0006255244079511613
robot-held-out,Completely unseen robot,7000,MLP-24,context_20,+20 geometry/state,128,0.3956439829519813,0.08259643695046548,0.44407209032063916,0.29584649751369607,0.10303364066443052,1141.0,2.3464404165924173,0.45109589924201526,0.000685944415939351
robot-held-out,Completely unseen robot,7000,MLP-24,context_22,+22 full context,130,0.4589675340484749,0.06378301389811093,0.5296150014435731,0.3362035747959593,0.08447569939509018,1141.0,1.0810467786629296,0.48084761458449066,0.0006694305872467036
robot-held-out,Completely unseen robot,8000,Logistic regression,baseline,Baseline,108,0.23797089163267468,0.04155248540402093,0.34561876301288147,0.22400289608819182,0.07897064242728512,1304.0,1.436301780793471,0.027442336999229155,0.0005362292480034133
robot-held-out,Completely unseen robot,8000,Logistic regression,context_10,+10 difficulty/reach,118,0.26209830347944935,0.09616045412195172,0.379237015299851,0.2348686993533993,0.07961644552443957,1304.0,2.9368884242605997,0.0872617604181869,0.0005369061642947296
robot-held-out,Completely unseen robot,8000,Logistic regression,context_20,+20 geometry/state,128,0.2212832164570795,0.11816085686230934,0.3148184332184504,0.1819942134350523,0.08974630393540284,1304.0,2.1217138972166225,0.10503765632650659,0.0005665939097525552
robot-held-out,Completely unseen robot,8000,Logistic regression,context_22,+22 full context,130,0.32819363877672353,0.09116130343594285,0.4488681086795801,0.20652224567603794,0.11857189479339063,1304.0,2.154541690202901,0.11556693391563992,0.0005836980126332492
robot-held-out,Completely unseen robot,8000,MLP-24,baseline,Baseline,108,0.3296701670139182,0.06792878237741677,0.40583098408580526,0.24585330329990282,0.09947540672418599,1304.0,3.431802448958056,0.6099206320844436,0.0006869375938549638
robot-held-out,Completely unseen robot,8000,MLP-24,context_10,+10 difficulty/reach,118,0.504151850510847,0.06579216084138438,0.5258869499462148,0.37615812656306086,0.04354593096832284,1304.0,1.1199343853555634,0.601317718741484,0.000714406002468119
robot-held-out,Completely unseen robot,8000,MLP-24,context_20,+20 geometry/state,128,0.41988156136366445,0.08368987420852891,0.48151918321380566,0.3182657289285258,0.10091205037658646,1304.0,2.5298019092473236,0.6668050623411546,0.0007109134166967124
robot-held-out,Completely unseen robot,8000,MLP-24,context_22,+22 full context,130,0.44312804395684474,0.0633336918499942,0.4997979778560488,0.3294909781479919,0.0863278593567259,1304.0,1.3663695930220097,0.5638471632507086,0.0007673609943594784
robot-held-out,Completely unseen robot,9000,Logistic regression,baseline,Baseline,108,0.23930202896813915,0.04227314414450071,0.34675142904480044,0.22704946051705577,0.07992213095928112,1467.0,1.4343551474729963,0.03356734740858277,0.0006352049191870416
robot-held-out,Completely unseen robot,9000,Logistic regression,context_10,+10 difficulty/reach,118,0.26437890434627365,0.09686438501330048,0.3797323179301135,0.23761670049753303,0.0804545475218253,1467.0,3.0908106540157303,0.10412119799487603,0.0006271598394960165
robot-held-out,Completely unseen robot,9000,Logistic regression,context_20,+20 geometry/state,128,0.22016857499988843,0.12122482453671533,0.3130794328528014,0.18046199694432566,0.09363519501538843,1467.0,2.279810697313276,0.13200086809229106,0.0007212049094960093
robot-held-out,Completely unseen robot,9000,Logistic regression,context_22,+22 full context,130,0.328999867406305,0.09260951488649442,0.45028583274542067,0.20739029715171506,0.1207288331489996,1467.0,2.2020926070862212,0.13845874999727434,0.0006935520068509504
robot-held-out,Completely unseen robot,9000,MLP-24,baseline,Baseline,108,0.32261451956899073,0.06889818241450213,0.4064757196592837,0.2388832714332637,0.0981830934540766,1467.0,3.4431361595263428,0.6578766528400593,0.0008118885792403793
robot-held-out,Completely unseen robot,9000,MLP-24,context_10,+10 difficulty/reach,118,0.491308319816447,0.0631011646363727,0.5065873167085021,0.35951471137155355,0.03725684794432095,1467.0,1.300137743030102,0.8077291736699408,0.0007889271752598385
robot-held-out,Completely unseen robot,9000,MLP-24,context_20,+20 geometry/state,128,0.4189406606456305,0.08623694807770708,0.4738874060114959,0.30692346413052135,0.09333078568760896,1467.0,2.367798480153952,0.7721864027456226,0.0008744550868868828
robot-held-out,Completely unseen robot,9000,MLP-24,context_22,+22 full context,130,0.45607894448210784,0.05012754931250971,0.518356591733313,0.3453726552824798,0.0759329859233362,1467.0,1.24113700860304,0.6605948821816128,0.0008631875922825808
robot-held-out,Completely unseen robot,10000,Logistic regression,baseline,Baseline,108,0.2370448406955177,0.042939475943265894,0.34369164686859827,0.22305525901742485,0.08056963686400585,1630.0,1.4477046915765819,0.03810337158696105,0.0006941459772254651
robot-held-out,Completely unseen robot,10000,Logistic regression,context_10,+10 difficulty/reach,118,0.2669715767566929,0.0980332254906974,0.3812174736482831,0.24062055743855815,0.08147715142010252,1630.0,3.1307998424111996,0.11809246192084781,0.0007023090923515459
robot-held-out,Completely unseen robot,10000,Logistic regression,context_20,+20 geometry/state,128,0.22488782171644903,0.12328299265981671,0.31763116062571706,0.1844312257612666,0.0957207407889144,1630.0,2.33498727516136,0.15631115966728734,0.0007069268322084099
robot-held-out,Completely unseen robot,10000,Logistic regression,context_22,+22 full context,130,0.3319748978016106,0.0935234409420703,0.4544902983329209,0.20851417296363198,0.12207813501090364,1630.0,2.39731097035375,0.15036764591544247,0.0008497361656433592
robot-held-out,Completely unseen robot,10000,MLP-24,baseline,Baseline,108,0.32728568246095807,0.06426697456088777,0.39882455829025026,0.2402740370222993,0.09629539638997131,1630.0,3.1597364395278067,0.7610947604068011,0.0008489968361876284
robot-held-out,Completely unseen robot,10000,MLP-24,context_10,+10 difficulty/reach,118,0.5000784466431831,0.07359949002358451,0.519057159827866,0.3698158136278315,0.05130168922052686,1630.0,1.2104206015011683,0.9483830415798972,0.0009129723281754801
robot-held-out,Completely unseen robot,10000,MLP-24,context_20,+20 geometry/state,128,0.4134256122839182,0.08643235984390353,0.4830324581202136,0.3212434538757239,0.1076262334056893,1630.0,2.2974736505623756,0.9835230381674288,0.0009066007623914629
robot-held-out,Completely unseen robot,10000,MLP-24,context_22,+22 full context,130,0.4353491210342506,0.07537041986193353,0.5119032581669909,0.3167231110210562,0.09791992186240213,1630.0,1.6922002643870044,0.7822388890005337,0.0009076596761588007
