family,trial,state,macro_f1_mean,macro_f1_std,log_loss_mean,duration_seconds,params_json
xgboost,0,COMPLETE,0.9071207877756083,0.010229472732991416,0.22291586049641066,17.749698,"{""colsample"": 0.8828537035272951, ""estimators"": 450, ""learning_rate"": 0.11515093965019742, ""max_depth"": 7, ""min_child_weight"": 6.102254331545151, ""reg_alpha"": 0.0028183960462276622, ""reg_lambda"": 0.7210975154069807, ""subsample"": 0.900726734995888}"
xgboost,1,COMPLETE,0.8939909757568528,0.013981340625124855,0.22723074063135315,14.719794,"{""colsample"": 0.6457751638041421, ""estimators"": 400, ""learning_rate"": 0.02416505310739534, ""max_depth"": 7, ""min_child_weight"": 6.2911590852677035, ""reg_alpha"": 0.0029906149619552806, ""reg_lambda"": 0.004138950607697242, ""subsample"": 0.8063287895615039}"
xgboost,2,COMPLETE,0.8900731246353611,0.01643278172122572,0.238228755343144,15.37695,"{""colsample"": 0.6160409336739885, ""estimators"": 450, ""learning_rate"": 0.017257098947721046, ""max_depth"": 6, ""min_child_weight"": 2.1548689940300947, ""reg_alpha"": 0.0001046053692565794, ""reg_lambda"": 1.9292877925869, ""subsample"": 0.6873373172334224}"
xgboost,3,COMPLETE,0.9083911115416171,0.011965142757033267,0.20863484023570822,18.88934,"{""colsample"": 0.9505621211318179, ""estimators"": 400, ""learning_rate"": 0.027949221703338464, ""max_depth"": 8, ""min_child_weight"": 6.433680691895408, ""reg_alpha"": 1.9172280222597253, ""reg_lambda"": 0.059642197972341396, ""subsample"": 0.9567237916635862}"
xgboost,4,COMPLETE,0.9007994287124607,0.015575258308577962,0.23792302325140183,53.308442,"{""colsample"": 0.5828450241507778, ""estimators"": 900, ""learning_rate"": 0.04070296204415808, ""max_depth"": 9, ""min_child_weight"": 0.7138067432647371, ""reg_alpha"": 1.73599526361561e-06, ""reg_lambda"": 2.346879549820396, ""subsample"": 0.6809007339773943}"
xgboost,5,COMPLETE,0.9004348009612437,0.012682390435177349,0.2299585341302081,14.745485,"{""colsample"": 0.8375652955647853, ""estimators"": 700, ""learning_rate"": 0.13594731244683994, ""max_depth"": 3, ""min_child_weight"": 2.056427450844386, ""reg_alpha"": 0.06161850923092638, ""reg_lambda"": 0.06340893998674697, ""subsample"": 0.8478339497985689}"
xgboost,6,COMPLETE,0.9098808560642905,0.008735018463971261,0.24696913467822101,34.658269,"{""colsample"": 0.8830680934055912, ""estimators"": 650, ""learning_rate"": 0.10487988634553234, ""max_depth"": 9, ""min_child_weight"": 2.24037397691173, ""reg_alpha"": 0.0003743746956421559, ""reg_lambda"": 1.5396459100893942, ""subsample"": 0.6905904086377643}"
xgboost,7,COMPLETE,0.9020055993234829,0.012424796533933923,0.2206150016863909,32.424269,"{""colsample"": 0.7256985329681978, ""estimators"": 450, ""learning_rate"": 0.018671147245574685, ""max_depth"": 10, ""min_child_weight"": 0.779908216252111, ""reg_alpha"": 3.784170462011031e-07, ""reg_lambda"": 0.0059214958035041015, ""subsample"": 0.9571279123675426}"
xgboost,8,COMPLETE,0.9082924471336548,0.010924384431143727,0.21041522063678295,15.451558,"{""colsample"": 0.8479003727389655, ""estimators"": 500, ""learning_rate"": 0.10939584804984588, ""max_depth"": 5, ""min_child_weight"": 9.294144031778915, ""reg_alpha"": 1.921029179340554, ""reg_lambda"": 6.5052250890863075, ""subsample"": 0.9560701242955499}"
xgboost,9,COMPLETE,0.9029182710987832,0.015263742465467297,0.24661593340140112,34.189458,"{""colsample"": 0.6443457575474713, ""estimators"": 650, ""learning_rate"": 0.13140090024210296, ""max_depth"": 9, ""min_child_weight"": 2.441445841885675, ""reg_alpha"": 0.43545595901452383, ""reg_lambda"": 4.8142683787340905, ""subsample"": 0.6586519805898019}"
xgboost,10,COMPLETE,0.8997292659083748,0.013943531518487744,0.22009116411763927,10.853909,"{""colsample"": 0.8203207842346261, ""estimators"": 350, ""learning_rate"": 0.047257146909556604, ""max_depth"": 5, ""min_child_weight"": 2.3618330495886615, ""reg_alpha"": 2.6864337667847647e-06, ""reg_lambda"": 0.02471494818431479, ""subsample"": 0.8913207639843137}"
xgboost,11,COMPLETE,0.9088536080625281,0.00833642724880686,0.24076013354715212,31.035731,"{""colsample"": 0.8259618546890373, ""estimators"": 600, ""learning_rate"": 0.11299469309467916, ""max_depth"": 11, ""min_child_weight"": 6.221329639178491, ""reg_alpha"": 0.0004386248805626967, ""reg_lambda"": 2.6080051309206715, ""subsample"": 0.8517621310349445}"
lightgbm,0,COMPLETE,0.9092361075504399,0.014467126657825756,0.21110356532610908,25.158709,"{""colsample"": 0.6816146695279458, ""estimators"": 550, ""learning_rate"": 0.05582678812311222, ""max_depth"": 8, ""min_child_samples"": 67, ""num_leaves"": 79, ""reg_alpha"": 1.9002338044568895e-05, ""reg_lambda"": 14.644918536141338, ""subsample"": 0.6546913197483222}"
lightgbm,1,COMPLETE,0.9051509661583553,0.017031514280160722,0.3449733846647051,29.836231,"{""colsample"": 0.9288262657758632, ""estimators"": 450, ""learning_rate"": 0.18690209324165533, ""max_depth"": 12, ""min_child_samples"": 91, ""num_leaves"": 80, ""reg_alpha"": 6.182782749614679e-06, ""reg_lambda"": 0.1019773010666694, ""subsample"": 0.6869798796421595}"
lightgbm,2,COMPLETE,0.9024754963105219,0.016767973616888525,0.3523041112090371,34.714176,"{""colsample"": 0.7848757368166301, ""estimators"": 650, ""learning_rate"": 0.17989179567820215, ""max_depth"": 8, ""min_child_samples"": 94, ""num_leaves"": 134, ""reg_alpha"": 0.001574642620644179, ""reg_lambda"": 0.07489242338496921, ""subsample"": 0.6731256954484431}"
lightgbm,3,COMPLETE,0.9077794312157073,0.015256063069514606,0.22264614862444998,26.774419,"{""colsample"": 0.8227871469311709, ""estimators"": 600, ""learning_rate"": 0.05886177934392734, ""max_depth"": 12, ""min_child_samples"": 35, ""num_leaves"": 30, ""reg_alpha"": 0.0002310931450658122, ""reg_lambda"": 0.5713587176078232, ""subsample"": 0.6614037882252731}"
lightgbm,4,COMPLETE,0.906169024395676,0.01472866287782507,0.23405595306737523,9.389564,"{""colsample"": 0.9406233132028882, ""estimators"": 250, ""learning_rate"": 0.16452929192073476, ""max_depth"": -1, ""min_child_samples"": 38, ""num_leaves"": 24, ""reg_alpha"": 0.0009635622157028998, ""reg_lambda"": 0.007916909923498193, ""subsample"": 0.8606867932662559}"
lightgbm,5,COMPLETE,0.9043651432324665,0.01620518417978615,0.21235172361060592,10.413352,"{""colsample"": 0.7861466144232443, ""estimators"": 250, ""learning_rate"": 0.027155699480099462, ""max_depth"": 18, ""min_child_samples"": 82, ""num_leaves"": 31, ""reg_alpha"": 0.002397042055483267, ""reg_lambda"": 0.014870055230370662, ""subsample"": 0.8267976921464948}"
lightgbm,6,COMPLETE,0.9088535857008734,0.013806821018807309,0.2098989045947651,10.992019,"{""colsample"": 0.6056216725671975, ""estimators"": 300, ""learning_rate"": 0.16148357787846881, ""max_depth"": 24, ""min_child_samples"": 51, ""num_leaves"": 21, ""reg_alpha"": 0.0002976508418526105, ""reg_lambda"": 18.778479847058406, ""subsample"": 0.9859571161020357}"
lightgbm,7,COMPLETE,0.9057885553471855,0.017316635156320533,0.21504374848959462,67.628385,"{""colsample"": 0.6255864368772885, ""estimators"": 600, ""learning_rate"": 0.04241283719961427, ""max_depth"": 24, ""min_child_samples"": 40, ""num_leaves"": 57, ""reg_alpha"": 1.4453253006111601e-05, ""reg_lambda"": 13.524137098582715, ""subsample"": 0.7842028401517325}"
lightgbm,8,COMPLETE,0.903798747156734,0.01487016670316566,0.22100125965388304,47.268075,"{""colsample"": 0.5765255951798332, ""estimators"": 250, ""learning_rate"": 0.05798211355502085, ""max_depth"": 12, ""min_child_samples"": 10, ""num_leaves"": 107, ""reg_alpha"": 1.3824948665255675e-07, ""reg_lambda"": 2.8831485630813756, ""subsample"": 0.9298216376600114}"
lightgbm,9,COMPLETE,0.9081615386808659,0.013684411301999199,0.2073093852304393,44.243614,"{""colsample"": 0.7263120121891047, ""estimators"": 900, ""learning_rate"": 0.017093670757545042, ""max_depth"": 8, ""min_child_samples"": 18, ""num_leaves"": 26, ""reg_alpha"": 1.3420069595317639, ""reg_lambda"": 0.23204725416695543, ""subsample"": 0.7999162852916272}"
lightgbm,10,COMPLETE,0.910103271148038,0.014378140349775817,0.20623355626351825,18.79926,"{""colsample"": 0.8823546497923954, ""estimators"": 250, ""learning_rate"": 0.030171143698149754, ""max_depth"": 24, ""min_child_samples"": 34, ""num_leaves"": 85, ""reg_alpha"": 0.039612726817292755, ""reg_lambda"": 18.394401399937387, ""subsample"": 0.8940193079947225}"
lightgbm,11,COMPLETE,0.9135372895121424,0.012270060134339116,0.2008722626432042,36.695796,"{""colsample"": 0.8927646109682571, ""estimators"": 600, ""learning_rate"": 0.028751292288749127, ""max_depth"": 24, ""min_child_samples"": 51, ""num_leaves"": 65, ""reg_alpha"": 0.00015759011328378772, ""reg_lambda"": 15.975925363916081, ""subsample"": 0.9470542355928171}"
catboost,0,COMPLETE,0.9021122143579251,0.019197976230966238,0.24529388480329228,227.343507,"{""depth"": 8, ""iterations"": 850, ""l2"": 0.00992145067549978, ""learning_rate"": 0.09975819706388973, ""random_strength"": 0.03592728146312619}"
catboost,1,COMPLETE,0.911462598876854,0.01289177583833737,0.2152823758839295,184.32803,"{""depth"": 10, ""iterations"": 350, ""l2"": 0.9866138030972254, ""learning_rate"": 0.15772648222524277, ""random_strength"": 0.006809790754909064}"
catboost,2,COMPLETE,0.9037729063643464,0.011925998813674052,0.21544320391394547,31.437722,"{""depth"": 6, ""iterations"": 300, ""l2"": 0.02177014739773331, ""learning_rate"": 0.08212099422214722, ""random_strength"": 0.006942445171173606}"
catboost,3,COMPLETE,0.8942885262499346,0.01647123675882168,0.23217226077510245,29.901182,"{""depth"": 6, ""iterations"": 300, ""l2"": 8.345627608118365, ""learning_rate"": 0.054625955427264006, ""random_strength"": 0.8738708277429152}"
catboost,4,COMPLETE,0.8928673575410526,0.012808284353308193,0.2331013169860472,19.25921,"{""depth"": 5, ""iterations"": 250, ""l2"": 0.23012049580459076, ""learning_rate"": 0.04677887529601891, ""random_strength"": 0.056551579838051765}"
catboost,5,COMPLETE,0.9033726211940168,0.01719797722299036,0.228095011462936,122.176524,"{""depth"": 8, ""iterations"": 400, ""l2"": 0.0032450003163070583, ""learning_rate"": 0.13531209283765258, ""random_strength"": 0.002234192119059583}"
catboost,6,COMPLETE,0.899817318392786,0.0248623917294725,0.25629558188652446,493.51904,"{""depth"": 10, ""iterations"": 850, ""l2"": 0.3639223336127271, ""learning_rate"": 0.09513394187225271, ""random_strength"": 2.1812217492374932}"
catboost,7,COMPLETE,0.8943116488394162,0.021022956959741317,0.22969589151688366,67.296238,"{""depth"": 5, ""iterations"": 700, ""l2"": 8.64908911905123, ""learning_rate"": 0.07428333461100167, ""random_strength"": 2.9328599394755845}"
catboost,8,COMPLETE,0.9090301604639719,0.009416291146681343,0.20627400864304302,138.910467,"{""depth"": 7, ""iterations"": 900, ""l2"": 1.1290617948630146, ""learning_rate"": 0.049983725252286525, ""random_strength"": 0.05679228242155378}"
catboost,9,COMPLETE,0.8926110832246438,0.01686603524161538,0.23233388572577177,81.131242,"{""depth"": 6, ""iterations"": 700, ""l2"": 0.29327369939529446, ""learning_rate"": 0.01707863410134167, ""random_strength"": 0.7409544949835938}"
catboost,10,COMPLETE,0.9049023767497725,0.013288284841581921,0.21876195958839784,190.658594,"{""depth"": 10, ""iterations"": 350, ""l2"": 0.8925270344060404, ""learning_rate"": 0.025216040706816337, ""random_strength"": 0.002414392429793701}"
catboost,11,COMPLETE,0.8936373768249292,0.02400331402568862,0.23585850553838472,141.95466,"{""depth"": 10, ""iterations"": 250, ""l2"": 4.080491855950362, ""learning_rate"": 0.054191874324186935, ""random_strength"": 0.9764276093584741}"
hist_gradient_boosting,0,COMPLETE,0.9027897182524116,0.008012651545724343,0.22785488188769673,41.192932,"{""iterations"": 150, ""l2"": 3.7667217037045255e-06, ""learning_rate"": 0.11925847712276454, ""max_leaf_nodes"": 55, ""min_samples_leaf"": 50}"
hist_gradient_boosting,1,COMPLETE,0.8960571366742859,0.028396774004540538,0.23614295150559306,109.296574,"{""iterations"": 200, ""l2"": 0.04199802514561457, ""learning_rate"": 0.016112305389602313, ""max_leaf_nodes"": 110, ""min_samples_leaf"": 31}"
hist_gradient_boosting,2,COMPLETE,0.9024683020779648,0.012043429282642277,0.2345682734804393,60.574125,"{""iterations"": 600, ""l2"": 0.005967393469337372, ""learning_rate"": 0.04877411941064547, ""max_leaf_nodes"": 106, ""min_samples_leaf"": 33}"
hist_gradient_boosting,3,COMPLETE,0.9022711966038739,0.009349036039333292,0.22592902039391105,21.304422,"{""iterations"": 600, ""l2"": 0.0033854702573647044, ""learning_rate"": 0.0670632427817831, ""max_leaf_nodes"": 55, ""min_samples_leaf"": 49}"
hist_gradient_boosting,4,COMPLETE,0.9002743045622412,0.022081337444752814,0.23681315369560788,54.0589,"{""iterations"": 200, ""l2"": 2.241300313846418e-06, ""learning_rate"": 0.030726678169499064, ""max_leaf_nodes"": 124, ""min_samples_leaf"": 28}"
hist_gradient_boosting,5,COMPLETE,0.9035944375775323,0.009348868658437155,0.22875391416344726,24.737731,"{""iterations"": 350, ""l2"": 0.0002165252251337676, ""learning_rate"": 0.06751304648413119, ""max_leaf_nodes"": 64, ""min_samples_leaf"": 45}"
hist_gradient_boosting,6,COMPLETE,0.9019072741261297,0.010423744052256158,0.23995804775200247,16.080532,"{""iterations"": 350, ""l2"": 0.027634221449771457, ""learning_rate"": 0.12789377383521472, ""max_leaf_nodes"": 67, ""min_samples_leaf"": 60}"
hist_gradient_boosting,7,COMPLETE,0.8952309625865883,0.02591182886220728,0.2466483657074814,29.621972,"{""iterations"": 250, ""l2"": 1.1839251365279013e-05, ""learning_rate"": 0.07763564830392194, ""max_leaf_nodes"": 121, ""min_samples_leaf"": 41}"
hist_gradient_boosting,8,COMPLETE,0.8999187431771328,0.011086000165486526,0.24085978682765366,17.741853,"{""iterations"": 150, ""l2"": 1.6634657918511107e-05, ""learning_rate"": 0.1505789404799682, ""max_leaf_nodes"": 67, ""min_samples_leaf"": 54}"
hist_gradient_boosting,9,COMPLETE,0.9004048440837842,0.011641463182440649,0.22992178241720004,22.391917,"{""iterations"": 600, ""l2"": 2.635878291779135e-06, ""learning_rate"": 0.06556617623140502, ""max_leaf_nodes"": 32, ""min_samples_leaf"": 35}"
hist_gradient_boosting,10,COMPLETE,0.902661814399586,0.008866000755863484,0.22317211594799805,56.76916,"{""iterations"": 550, ""l2"": 1.9776422779202694e-05, ""learning_rate"": 0.01665904840848425, ""max_leaf_nodes"": 53, ""min_samples_leaf"": 59}"
hist_gradient_boosting,11,COMPLETE,0.8967359684092319,0.018936331972761396,0.24266397582415702,14.695763,"{""iterations"": 350, ""l2"": 6.958002007260996e-06, ""learning_rate"": 0.14560641997769674, ""max_leaf_nodes"": 55, ""min_samples_leaf"": 21}"
extra_trees,0,COMPLETE,0.8848908125301267,0.012786801033261904,0.24317015705160708,75.72193,"{""estimators"": 500, ""max_depth"": 18, ""max_features"": 0.7850465406380842, ""min_samples_leaf"": 4}"
extra_trees,1,COMPLETE,0.8801206007411744,0.011053360075328627,0.25738585869976727,21.891596,"{""estimators"": 250, ""max_depth"": 24, ""max_features"": 0.40566530477813323, ""min_samples_leaf"": 4}"
extra_trees,2,COMPLETE,0.8674655607891428,0.015555400804331574,0.2713525933619901,47.386231,"{""estimators"": 500, ""max_depth"": 12, ""max_features"": 0.5456575813228837, ""min_samples_leaf"": 7}"
extra_trees,3,COMPLETE,0.8727632249653176,0.013198216322751257,0.26804478919496993,45.395976,"{""estimators"": 550, ""max_depth"": 24, ""max_features"": 0.4303770187322803, ""min_samples_leaf"": 10}"
extra_trees,4,COMPLETE,0.8766581193382884,0.013780142695367075,0.25508835512336275,72.353647,"{""estimators"": 650, ""max_depth"": 24, ""max_features"": 0.5881103762851513, ""min_samples_leaf"": 8}"
extra_trees,5,COMPLETE,0.8853789543395948,0.013293111135259638,0.24067426109165435,104.227141,"{""estimators"": 650, ""max_depth"": 18, ""max_features"": 0.866070584813595, ""min_samples_leaf"": 4}"
extra_trees,6,COMPLETE,0.8786053999199132,0.013255165988460318,0.251326830264189,38.357104,"{""estimators"": 300, ""max_depth"": 18, ""max_features"": 0.6827151206276274, ""min_samples_leaf"": 7}"
extra_trees,7,COMPLETE,0.8783854901683107,0.012016458082740185,0.25653329737235914,44.132604,"{""estimators"": 450, ""max_depth"": 32, ""max_features"": 0.4814061060278444, ""min_samples_leaf"": 6}"
extra_trees,8,COMPLETE,0.8734409596584012,0.01621893269516681,0.25759317570606477,46.496137,"{""estimators"": 350, ""max_depth"": 12, ""max_features"": 0.8813722387830094, ""min_samples_leaf"": 7}"
extra_trees,9,COMPLETE,0.8875985349474158,0.010855445897215397,0.24468245848345072,57.475898,"{""estimators"": 450, ""max_depth"": 18, ""max_features"": 0.6219749941454449, ""min_samples_leaf"": 1}"
extra_trees,10,COMPLETE,0.8775115736207768,0.013980034903720132,0.2530833363536033,30.5717,"{""estimators"": 250, ""max_depth"": 18, ""max_features"": 0.6271912316423716, ""min_samples_leaf"": 7}"
extra_trees,11,COMPLETE,0.888161488723338,0.00992142444490175,0.2454841462210993,44.957615,"{""estimators"": 400, ""max_depth"": 18, ""max_features"": 0.5861159870210094, ""min_samples_leaf"": 1}"
random_forest,0,COMPLETE,0.8885372683951588,0.016028676127804516,0.23656269886384315,165.020437,"{""estimators"": 650, ""max_depth"": 24, ""max_features"": 0.5928057582212045, ""min_samples_leaf"": 7}"
random_forest,1,COMPLETE,0.8872673947593482,0.016425698393510966,0.2397581246155235,63.124708,"{""estimators"": 300, ""max_depth"": null, ""max_features"": 0.520821158904207, ""min_samples_leaf"": 9}"
random_forest,2,COMPLETE,0.8813210423621802,0.01617126412645442,0.24497533026189341,123.510328,"{""estimators"": 550, ""max_depth"": 12, ""max_features"": 0.570582142144404, ""min_samples_leaf"": 2}"
random_forest,3,COMPLETE,0.8917376464375266,0.015711492949557492,0.23547044629935854,252.836622,"{""estimators"": 650, ""max_depth"": null, ""max_features"": 0.8907785576244803, ""min_samples_leaf"": 4}"
random_forest,4,COMPLETE,0.8915534088877263,0.015116278136416889,0.23356486077693053,140.761099,"{""estimators"": 400, ""max_depth"": 18, ""max_features"": 0.7781828355185479, ""min_samples_leaf"": 3}"
random_forest,5,COMPLETE,0.8917173412506125,0.013948883909232063,0.232664979478433,63.420571,"{""estimators"": 200, ""max_depth"": null, ""max_features"": 0.7335311813941789, ""min_samples_leaf"": 3}"
random_forest,6,COMPLETE,0.8781609542386187,0.017460284133061433,0.25428476218504387,100.383755,"{""estimators"": 700, ""max_depth"": 12, ""max_features"": 0.3979599309322686, ""min_samples_leaf"": 8}"
random_forest,7,COMPLETE,0.8898893742147863,0.01687410742148251,0.2384806710398575,175.554751,"{""estimators"": 450, ""max_depth"": 18, ""max_features"": 0.9885700137038383, ""min_samples_leaf"": 5}"
random_forest,8,COMPLETE,0.8889767599160483,0.014808959098810153,0.2364901640354765,52.667484,"{""estimators"": 250, ""max_depth"": 18, ""max_features"": 0.5200655821153869, ""min_samples_leaf"": 5}"
random_forest,9,COMPLETE,0.8895366418526983,0.017429883826350034,0.23801908927641333,65.759909,"{""estimators"": 200, ""max_depth"": 18, ""max_features"": 0.8467740825441769, ""min_samples_leaf"": 7}"
random_forest,10,COMPLETE,0.8909534150688119,0.011026006145977603,0.23874370180320006,2167.745935,"{""estimators"": 400, ""max_depth"": 32, ""max_features"": 0.43983025036334666, ""min_samples_leaf"": 1}"
random_forest,11,COMPLETE,0.8878071349433362,0.017902015249610912,0.23910959456515024,4171.919706,"{""estimators"": 700, ""max_depth"": null, ""max_features"": 0.9125944285537868, ""min_samples_leaf"": 9}"
mlp,0,COMPLETE,0.8751254271711374,0.020660238900350274,0.3493099525257371,22.394861,"{""alpha"": 1.672725377087461e-05, ""hidden"": ""128,64"", ""learning_rate"": 0.0029074302526592736}"
mlp,1,COMPLETE,0.8363545261403177,0.028294724567850475,0.41909309109733317,10.137902,"{""alpha"": 1.2345673301601223e-05, ""hidden"": ""32"", ""learning_rate"": 0.001017561100309924}"
mlp,2,COMPLETE,0.8620305787003599,0.024325198722141464,0.3646835443556429,14.033453,"{""alpha"": 0.007122954543365384, ""hidden"": ""64,32"", ""learning_rate"": 0.0018104859458036937}"
mlp,3,COMPLETE,0.8621438970096372,0.03465845480308198,0.3580608376179599,9.265097,"{""alpha"": 2.2825135567446358e-06, ""hidden"": ""32"", ""learning_rate"": 0.0045889975253325796}"
mlp,4,COMPLETE,0.8458567743688686,0.04705692882521245,0.44012496168284815,23.82631,"{""alpha"": 6.530568542076584e-05, ""hidden"": ""128,64"", ""learning_rate"": 0.001193004906797164}"
mlp,5,COMPLETE,0.8603816729675993,0.027488290902982875,0.41048907844500454,15.15595,"{""alpha"": 0.0010763074298980305, ""hidden"": ""64,32"", ""learning_rate"": 0.0028370924778675327}"
mlp,6,COMPLETE,0.8429017652075824,0.01972682616392149,0.43762292755918913,25.485906,"{""alpha"": 8.793447024834418e-06, ""hidden"": ""64"", ""learning_rate"": 0.0005389212683262299}"
mlp,7,COMPLETE,0.8375477375598385,0.02984262973285395,0.42198142424294544,18.373977,"{""alpha"": 0.00016553369323561162, ""hidden"": ""32"", ""learning_rate"": 0.00030278622429196357}"
mlp,8,COMPLETE,0.8638338391969276,0.03620167280063628,0.42777316354380535,22.71564,"{""alpha"": 3.3837262643045493e-06, ""hidden"": ""128,64"", ""learning_rate"": 0.0029725238102217707}"
mlp,9,COMPLETE,0.8356657388253503,0.054777201455671685,0.39615764447866875,12.176702,"{""alpha"": 0.002995671513875077, ""hidden"": ""32"", ""learning_rate"": 0.0012980460971726514}"
mlp,10,COMPLETE,0.838524870765576,0.03840560436213278,0.4193209138708429,24.146829,"{""alpha"": 0.00378641351907269, ""hidden"": ""64"", ""learning_rate"": 0.00021030427875875514}"
mlp,11,COMPLETE,0.8731413129016649,0.028465327864654902,0.33873204617554614,19.748059,"{""alpha"": 3.344186291708603e-05, ""hidden"": ""128,64"", ""learning_rate"": 0.0063422940666957965}"
logistic,0,COMPLETE,0.8434802655809767,0.011999300580376626,0.3736203382847218,2.64995,"{""c"": 0.09316924386337182}"
logistic,1,COMPLETE,0.8123340674802096,0.020492240966532543,0.5535623480903401,6.558924,"{""c"": 4.491175978832286}"
logistic,2,COMPLETE,0.7995791395106746,0.02760291885552781,0.5565092700668076,8.161904,"{""c"": 15.485810596057284}"
logistic,3,COMPLETE,0.8360857258188328,0.01652544362228453,0.39155790439832844,1.600625,"{""c"": 0.011716279920648508}"
logistic,4,COMPLETE,0.8362499326864047,0.016632894034798982,0.39161787604157855,1.608057,"{""c"": 0.012058433466791066}"
logistic,5,COMPLETE,0.8274889926895899,0.02101571006839932,0.41366279093928565,1.015133,"{""c"": 0.0025165112406931324}"
logistic,6,COMPLETE,0.8397051887197108,0.012103197821637815,0.3529985226987329,5.016957,"{""c"": 0.4673624074511567}"
logistic,7,COMPLETE,0.8244453410412289,0.019620747981067423,0.42826324669709,0.887436,"{""c"": 0.0012785143198824108}"
logistic,8,COMPLETE,0.8367333768134828,0.01614618285358029,0.38911421313192546,1.339388,"{""c"": 0.014401461523154942}"
logistic,9,COMPLETE,0.8305789583024709,0.023987209257507774,0.36088650457517346,5.633321,"{""c"": 0.47900005983749055}"
logistic,10,COMPLETE,0.8342766828482362,0.018168037984469098,0.3967293132939908,1.534109,"{""c"": 0.007771819041129041}"
logistic,11,COMPLETE,0.7501644529115934,0.0349958275572915,0.7865492766302928,8.960735,"{""c"": 64.1061358989465}"
