seed,profile,description,feature_count,parameter_count,best_epoch,test_rows,accuracy,balanced_accuracy,macro_f1,log_loss,accepted_recall,uncertain_recall,rejected_recall,inference_ns_per_sample,fit_ms
2604,baseline_108,"Baseline kinematics only",108,3587,6,16000,0.863375000000,0.860305832615,0.852555716056,0.302291090466,0.819602735265,0.910660509938,0.850654252642,1661.619812500000,2445
2604,context_full_130,"Complete context contract",130,4291,36,16000,0.905500000000,0.911286709130,0.895340264486,0.205727366992,0.882774340606,0.989359566352,0.861726220433,2474.010375000000,8816
2604,without_initial_error,"Full context without the initial Cartesian error",128,4227,6,16000,0.896500000000,0.902982640016,0.886357552350,0.230257451107,0.878541191794,0.978116844007,0.852289884248,2312.437500000000,3095
2604,without_seed_margin,"Full context without the seed-to-limit margin",128,4227,8,16000,0.903375000000,0.906804932325,0.893530922631,0.218076814471,0.877238684468,0.973900823128,0.869275289381,2608.742187500000,3506
2604,without_seed_condition,"Full context without the seed Jacobian conditioning",128,4227,23,16000,0.901312500000,0.905620878986,0.890911279532,0.215868960057,0.875284923478,0.978719132704,0.862858580775,2304.411437500000,6674
2604,without_reach,"Full context without radius and conservative reach context",126,4163,26,16000,0.891062500000,0.896211701491,0.880556279057,0.247583119468,0.867795506350,0.970688616744,0.850150981379,2502.817687500000,7258
2604,without_joint_mix,"Full context without prismatic and revolute fractions",128,4227,23,16000,0.902687500000,0.914794018085,0.894200290142,0.217022597016,0.915011396939,0.979722947199,0.849647710116,2587.356750000000,6657
2604,without_link_geometry,"Full context without link extent summaries",128,4227,23,16000,0.907437500000,0.914784636656,0.897902874284,0.211377738849,0.895473787040,0.986147359968,0.862732762959,2284.182250000000,6726
2604,without_joint_span,"Full context without joint span summaries",128,4227,23,16000,0.906687500000,0.916337850097,0.897419567873,0.210729306754,0.902963204168,0.990363380847,0.855686965274,2517.812500000000,6668
2604,without_normalized_target,"Full context without reach-normalized target coordinates",127,4195,23,16000,0.905937500000,0.909781646576,0.896024435510,0.211023420726,0.881797460111,0.976510740815,0.871036738802,2293.289062500000,6647
2604,without_seed_home_offset,"Full context without normalized seed-to-home summaries",127,4195,23,16000,0.905812500000,0.910730181423,0.895955045865,0.207653796852,0.885379355259,0.978919895603,0.867891293407,2244.703125000000,6647
2604,without_revolute_fraction,"Remove the exact complement of prismatic_joint_fraction",129,4259,8,16000,0.903562500000,0.905640400425,0.892988903904,0.210333646613,0.869098013676,0.976912266613,0.870910920986,2349.268250000000,3534
2604,without_prismatic_fraction,"Remove the exact complement of revolute_joint_fraction",129,4259,36,16000,0.910000000000,0.911292561855,0.899358919917,0.199930080470,0.867795506350,0.989761092150,0.876321087066,2453.466187500000,8691
2604,without_availability_flags,"Frozen-corpus audit without the three constant availability flags",127,4195,8,16000,0.899875000000,0.900743293497,0.888766848825,0.212237901183,0.857375447737,0.976711503714,0.868142929039,2321.135375000000,3451
2604,frozen_redundancy_pruned,"Frozen-corpus constants plus one exact joint-fraction complement",126,4163,32,16000,0.914062500000,0.916666006047,0.904210109578,0.194162767686,0.882448713774,0.986950411564,0.880598892803,2360.242187500000,8548
2604,corpus_nonconstant,"Transductive audit only: features varying in this frozen corpus",106,3523,36,16000,0.900375000000,0.902776137631,0.891999201550,0.217950863206,0.888635623575,0.938968078699,0.880724710619,1643.231750000000,6788
2605,baseline_108,"Baseline kinematics only",108,3587,40,12000,0.847583333333,0.843996066966,0.845503338661,0.317778568251,0.782207578254,0.890484140234,0.859296482412,1694.583333333333,7362
2605,context_full_130,"Complete context contract",130,4291,20,12000,0.898000000000,0.910681536755,0.901154929605,0.224890618283,0.890609555189,0.981636060100,0.859798994975,2367.052083333334,6413
2605,without_initial_error,"Full context without the initial Cartesian error",128,4227,23,12000,0.889000000000,0.890898787419,0.889527515750,0.231284256892,0.802965403624,0.985308848080,0.884422110553,2287.920166666667,7563
2605,without_seed_margin,"Full context without the seed-to-limit margin",128,4227,20,12000,0.900750000000,0.916657042285,0.904065675539,0.219497115186,0.909060955519,0.988313856427,0.852596314908,3019.642416666667,8599
2605,without_seed_condition,"Full context without the seed Jacobian conditioning",128,4227,14,12000,0.852000000000,0.836058022295,0.844383844712,0.347096037585,0.738385502471,0.868113522538,0.901675041876,2890.295083333333,8076
2605,without_reach,"Full context without radius and conservative reach context",126,4163,10,12000,0.876666666667,0.896969500520,0.882116197301,0.280036485227,0.921911037891,0.954257095159,0.814740368509,2242.961833333333,4280
2605,without_joint_mix,"Full context without prismatic and revolute fractions",128,4227,20,12000,0.894083333333,0.905567943626,0.896267285871,0.237485691842,0.864250411862,0.992654424040,0.859798994975,2326.493083333333,6410
2605,without_link_geometry,"Full context without link extent summaries",128,4227,21,12000,0.893416666667,0.898339337840,0.895131672144,0.224542959951,0.842833607908,0.972954924875,0.879229480737,2303.538250000000,6581
2605,without_joint_span,"Full context without joint span summaries",128,4227,32,12000,0.885666666667,0.883753038834,0.885675168800,0.247082121234,0.785172981878,0.973288814691,0.892797319933,2316.809000000000,9042
2605,without_normalized_target,"Full context without reach-normalized target coordinates",127,4195,21,12000,0.886083333333,0.889669976813,0.886496597917,0.240581509426,0.801976935750,0.990651085142,0.876381909548,2341.920166666667,6675
2605,without_seed_home_offset,"Full context without normalized seed-to-home summaries",127,4195,31,12000,0.900166666667,0.901643812677,0.900267061402,0.221879141422,0.817462932455,0.990651085142,0.896817420436,2284.868000000000,8683
2605,without_revolute_fraction,"Remove the exact complement of prismatic_joint_fraction",129,4259,20,12000,0.902333333333,0.915686348500,0.905341044416,0.217672181944,0.904448105437,0.980634390651,0.861976549414,2351.746500000000,6372
2605,without_prismatic_fraction,"Remove the exact complement of revolute_joint_fraction",129,4259,33,12000,0.890750000000,0.908146890542,0.895403351216,0.245563195731,0.916968698517,0.969616026711,0.837855946399,2349.996500000000,9142
2605,without_availability_flags,"Frozen-corpus audit without the three constant availability flags",127,4195,32,12000,0.898000000000,0.908450138235,0.900715409783,0.230427297217,0.881054365733,0.977629382304,0.866666666667,2330.902750000000,8936
2605,frozen_redundancy_pruned,"Frozen-corpus constants plus one exact joint-fraction complement",126,4163,13,12000,0.887916666667,0.892576309351,0.889500347795,0.237491851021,0.823723228995,0.979298831386,0.874706867672,2251.833333333334,4731
2605,corpus_nonconstant,"Transductive audit only: features varying in this frozen corpus",106,3523,13,12000,0.893916666667,0.894542853590,0.894902912240,0.227557594168,0.824052718287,0.966611018364,0.892964824121,1746.225750000000,3790
2606,baseline_108,"Baseline kinematics only",108,3587,5,8000,0.850625000000,0.886319700369,0.872040762125,0.340799985057,0.868926553672,0.999231360492,0.790801186944,1741.963500000000,2565
2606,context_full_130,"Complete context contract",130,4291,13,8000,0.890250000000,0.917192435499,0.909757346840,0.235321785328,0.910357815443,0.999231360492,0.841988130564,2336.270750000000,5133
2606,without_initial_error,"Full context without the initial Cartesian error",128,4227,29,8000,0.898500000000,0.925651178405,0.917113415913,0.220931546505,0.936723163842,0.999231360492,0.840999010880,2360.703125000000,8811
2606,without_seed_margin,"Full context without the seed-to-limit margin",128,4227,39,8000,0.908625000000,0.934699481347,0.925894037919,0.207964071700,0.957438794727,0.999231360492,0.847428288823,2291.078125000000,9438
2606,without_seed_condition,"Full context without the seed Jacobian conditioning",128,4227,29,8000,0.896375000000,0.922870001110,0.915066810469,0.220435814906,0.924670433145,0.999231360492,0.844708209693,2279.307375000000,8757
2606,without_reach,"Full context without radius and conservative reach context",126,4163,29,8000,0.893125000000,0.923141776179,0.913383349858,0.250576081755,0.945762711864,0.999231360492,0.824431256182,2368.474000000000,8798
2606,without_joint_mix,"Full context without prismatic and revolute fractions",128,4227,16,8000,0.900625000000,0.926923063376,0.919228468542,0.214761123621,0.935593220339,0.999231360492,0.845944609298,2318.963625000000,5708
2606,without_link_geometry,"Full context without link extent summaries",128,4227,29,8000,0.906125000000,0.929816750706,0.923286952549,0.201240457640,0.929190207156,0.999231360492,0.861028684471,2308.849000000000,8781
2606,without_joint_span,"Full context without joint span summaries",128,4227,39,8000,0.909250000000,0.934723510809,0.926331799338,0.208696431417,0.954048964218,0.999231360492,0.850890207715,2376.088500000000,9445
2606,without_normalized_target,"Full context without reach-normalized target coordinates",127,4195,22,8000,0.895250000000,0.921093218040,0.914627523680,0.220703426966,0.915630885122,0.999231360492,0.848417408506,2265.317750000000,6967
2606,without_seed_home_offset,"Full context without normalized seed-to-home summaries",127,4195,22,8000,0.903500000000,0.929464419692,0.921543070924,0.212647773720,0.942749529190,0.998462720984,0.847181008902,2313.354125000000,7064
2606,without_revolute_fraction,"Remove the exact complement of prismatic_joint_fraction",129,4259,12,8000,0.900500000000,0.928867400713,0.919200140927,0.222524664048,0.953295668550,0.999231360492,0.834075173096,2335.536500000000,4788
2606,without_prismatic_fraction,"Remove the exact complement of revolute_joint_fraction",129,4259,22,8000,0.900375000000,0.927577540214,0.919160260984,0.214848130926,0.942749529190,0.999231360492,0.840751730959,2355.640625000000,7143
2606,without_availability_flags,"Frozen-corpus audit without the three constant availability flags",127,4195,39,8000,0.904625000000,0.932018706220,0.922744222899,0.208121984297,0.957062146893,0.999231360492,0.839762611276,2456.973875000000,9473
2606,frozen_redundancy_pruned,"Frozen-corpus constants plus one exact joint-fraction complement",126,4163,16,8000,0.901000000000,0.928505849091,0.919684116992,0.215239825634,0.948775894539,0.998462720984,0.838278931751,3007.145875000000,7090
2606,corpus_nonconstant,"Transductive audit only: features varying in this frozen corpus",106,3523,29,8000,0.903375000000,0.929210798478,0.921472173439,0.211876249683,0.939736346516,0.999231360492,0.848664688427,3060.932250000000,11571
2607,baseline_108,"Baseline kinematics only",108,3587,21,14000,0.854142857143,0.873782834010,0.864300423406,0.337701193358,0.937154877728,0.893212951432,0.790980672870,1822.925571428571,5644
2607,context_full_130,"Complete context contract",130,4291,25,14000,0.896928571429,0.909870973759,0.902681685930,0.236671799664,0.938206678938,0.933997509340,0.857408732999,2388.095214285714,7413
2607,without_initial_error,"Full context without the initial Cartesian error",128,4227,31,14000,0.875214285714,0.878778736984,0.878435698388,0.285596458355,0.938995529845,0.841220423412,0.856120257695,2454.607142857143,8596
2607,without_seed_margin,"Full context without the seed-to-limit margin",128,4227,28,14000,0.893214285714,0.903029433156,0.898430555860,0.237101294840,0.927951617144,0.918430884184,0.862705798139,2334.645785714286,7932
2607,without_seed_condition,"Full context without the seed Jacobian conditioning",128,4227,18,14000,0.882714285714,0.889300008208,0.887748479271,0.263957815051,0.917696555351,0.889788293898,0.860415175376,2434.574428571429,5751
2607,without_reach,"Full context without radius and conservative reach context",126,4163,19,14000,0.876357142857,0.894699033446,0.885171131820,0.285943522464,0.925848014725,0.936488169365,0.821760916249,2257.270857142857,5840
2607,without_joint_mix,"Full context without prismatic and revolute fractions",128,4227,26,14000,0.899142857143,0.913460565326,0.904631459152,0.226241169999,0.928477517749,0.953922789539,0.857981388690,2385.625000000000,7484
2607,without_link_geometry,"Full context without link extent summaries",128,4227,26,14000,0.894571428571,0.907798679601,0.900491171696,0.232692792697,0.921640809887,0.945205479452,0.856549749463,2282.485071428571,7447
2607,without_joint_span,"Full context without joint span summaries",128,4227,28,14000,0.896857142857,0.909712039634,0.902816273142,0.231808282055,0.917170654746,0.951120797011,0.860844667144,2258.520857142857,7879
2607,without_normalized_target,"Full context without reach-normalized target coordinates",127,4195,37,14000,0.902142857143,0.917409260940,0.907674954341,0.223942221713,0.913226400210,0.977584059776,0.861417322835,2512.577357142857,8636
2607,without_seed_home_offset,"Full context without normalized seed-to-home summaries",127,4195,31,14000,0.894928571429,0.906918500513,0.900082543600,0.234604881143,0.916118853537,0.943648816936,0.860987831067,2295.080357142857,8464
2607,without_revolute_fraction,"Remove the exact complement of prismatic_joint_fraction",129,4259,26,14000,0.899928571429,0.914019433494,0.905609063202,0.225801561955,0.905074940836,0.973848069738,0.863135289907,2466.113071428571,7470
2607,without_prismatic_fraction,"Remove the exact complement of revolute_joint_fraction",129,4259,36,14000,0.899142857143,0.917418312499,0.905116896806,0.242827006895,0.924270312911,0.979452054795,0.848532569792,2544.392857142857,8834
2607,without_availability_flags,"Frozen-corpus audit without the three constant availability flags",127,4195,25,14000,0.899500000000,0.916928847782,0.905947441034,0.229585021059,0.941625032869,0.960772104608,0.848389405870,2279.196428571428,7262
2607,frozen_redundancy_pruned,"Frozen-corpus constants plus one exact joint-fraction complement",126,4163,34,14000,0.903428571429,0.917835922329,0.909134813946,0.215716055755,0.912963449908,0.975404732254,0.865139584825,2223.214285714286,8534
2607,corpus_nonconstant,"Transductive audit only: features varying in this frozen corpus",106,3523,24,14000,0.900785714286,0.916438705756,0.906906277289,0.231712294893,0.931632921378,0.961706102117,0.855977093772,1674.511928571429,5536
2608,baseline_108,"Baseline kinematics only",108,3587,26,12000,0.889000000000,0.896355789579,0.884041530250,0.249696156558,0.862745098039,0.989594742607,0.836727528090,1806.371500000000,6279
2608,context_full_130,"Complete context contract",130,4291,38,12000,0.928250000000,0.938440654930,0.925071578698,0.161159178105,0.939668174962,0.996440306681,0.879213483146,2409.100666666667,9239
2608,without_initial_error,"Full context without the initial Cartesian error",128,4227,23,12000,0.923333333333,0.934249061842,0.920014847082,0.174635147701,0.935520361991,0.996440306681,0.870786516854,2320.274333333333,6919
2608,without_seed_margin,"Full context without the seed-to-limit margin",128,4227,37,12000,0.923500000000,0.933974723506,0.920153976155,0.173824170414,0.935897435897,0.992606790800,0.873419943820,2346.295083333333,9043
2608,without_seed_condition,"Full context without the seed Jacobian conditioning",128,4227,19,12000,0.924916666667,0.937245059962,0.921827949158,0.176149650049,0.946832579186,0.995345016429,0.869557584270,2352.027750000000,6119
2608,without_reach,"Full context without radius and conservative reach context",126,4163,35,12000,0.899166666667,0.910839681736,0.895223685865,0.229867435039,0.901583710407,0.993154435926,0.837780898876,2373.138916666667,8890
2608,without_joint_mix,"Full context without prismatic and revolute fractions",128,4227,37,12000,0.922000000000,0.938201738765,0.919579755153,0.173405043535,0.967194570136,0.990142387733,0.857268258427,2265.482666666667,9066
2608,without_link_geometry,"Full context without link extent summaries",128,4227,38,12000,0.919333333333,0.933830455373,0.916446679003,0.181092341539,0.950226244344,0.994523548740,0.856741573034,2278.055583333333,9056
2608,without_joint_span,"Full context without joint span summaries",128,4227,20,12000,0.922000000000,0.934328610428,0.918901506862,0.169686012756,0.943061840121,0.993702081051,0.866221910112,2369.166666666667,6400
2608,without_normalized_target,"Full context without reach-normalized target coordinates",127,4195,38,12000,0.916333333333,0.932633013578,0.913649739904,0.187459170100,0.955882352941,0.993702081051,0.848314606742,2281.572916666667,8998
2608,without_seed_home_offset,"Full context without normalized seed-to-home summaries",127,4195,25,12000,0.920416666667,0.931545769100,0.917098503574,0.168821414457,0.935520361991,0.990963855422,0.868153089888,2335.989583333334,7445
2608,without_revolute_fraction,"Remove the exact complement of prismatic_joint_fraction",129,4259,39,12000,0.922166666667,0.934422879195,0.919162215156,0.175831295563,0.945324283560,0.990142387733,0.867801966292,2445.059000000000,9083
2608,without_prismatic_fraction,"Remove the exact complement of revolute_joint_fraction",129,4259,19,12000,0.925083333333,0.935057188355,0.921827486939,0.168526485350,0.936651583710,0.991237677985,0.877282303371,2402.548583333333,6251
2608,without_availability_flags,"Frozen-corpus audit without the three constant availability flags",127,4195,19,12000,0.917333333333,0.934521560990,0.914898607299,0.182280991786,0.964932126697,0.990142387733,0.848490168539,2239.031250000000,6013
2608,frozen_redundancy_pruned,"Frozen-corpus constants plus one exact joint-fraction complement",126,4163,32,12000,0.913333333333,0.926091342087,0.909999830741,0.214857171019,0.930618401207,0.994249726177,0.853405898876,2224.972250000000,8870
2608,corpus_nonconstant,"Transductive audit only: features varying in this frozen corpus",106,3523,19,12000,0.917083333333,0.930925283922,0.914177384089,0.187312505044,0.946832579186,0.988499452355,0.857443820225,1653.791666666667,4832
