seed,profile,candidate,model_kind,hidden_units,epoch,training_loss,validation_accuracy,validation_balanced_accuracy,validation_macro_f1,validation_log_loss,elapsed_ms
2604,BASELINE_KINEMATICS,compact-mlp-24,COMPACT_MLP,24,1,0.6333196377498478,0.59175,0.5693084071656607,0.5736753644934663,0.8947507703886839,331
2604,BASELINE_KINEMATICS,compact-mlp-24,COMPACT_MLP,24,2,0.41222494553878897,0.66,0.6085021551332112,0.6169437563321339,0.7233646805649808,482
2604,BASELINE_KINEMATICS,compact-mlp-24,COMPACT_MLP,24,3,0.32137009404230593,0.704625,0.646248881914837,0.6586795362209616,0.6520076475515586,624
2604,BASELINE_KINEMATICS,compact-mlp-24,COMPACT_MLP,24,4,0.28798530481268364,0.7355,0.6983800512230146,0.7084137982479746,0.6064040797845082,767
2604,BASELINE_KINEMATICS,compact-mlp-24,COMPACT_MLP,24,5,0.2782321919146511,0.7225,0.6660390034016975,0.6828001990126707,0.6994582047930937,912
2604,BASELINE_KINEMATICS,compact-mlp-24,COMPACT_MLP,24,6,0.27331560875358885,0.738375,0.6904960677751731,0.7092837763996697,0.6422615042863609,1053
2604,BASELINE_KINEMATICS,compact-mlp-24,COMPACT_MLP,24,7,0.26996509938799196,0.723625,0.6715945833985847,0.6895348276533991,0.6759644398871593,1194
2604,BASELINE_KINEMATICS,compact-mlp-24,COMPACT_MLP,24,8,0.26557364457801746,0.72,0.6602758156793831,0.6856481896033682,0.6868117414633407,1334
2604,BASELINE_KINEMATICS,compact-mlp-24,COMPACT_MLP,24,9,0.26394967695082255,0.705125,0.6308088745638244,0.6624280372417449,0.7493868008777721,1476
2604,BASELINE_KINEMATICS,compact-mlp-24,COMPACT_MLP,24,10,0.26161491375865037,0.715125,0.6471252044717145,0.677978697076545,0.7288419320354482,1615
2604,BASELINE_KINEMATICS,compact-mlp-24,COMPACT_MLP,24,11,0.26004174427050325,0.708875,0.6399501174044061,0.6703115314348359,0.7473835559537354,1756
2604,BASELINE_KINEMATICS,compact-mlp-24,COMPACT_MLP,24,12,0.25894357430945564,0.707875,0.6430781236000581,0.6743775499681167,0.747878397212907,1895
2604,BASELINE_KINEMATICS,compact-mlp-24,COMPACT_MLP,24,13,0.25684001642422616,0.7075,0.645695583281238,0.6762056855483821,0.6955107692503768,2035
2604,BASELINE_KINEMATICS,compact-mlp-24,COMPACT_MLP,24,14,0.2554319512615486,0.692,0.6219600848285295,0.6533440594996844,0.7596962160025613,2174
2604,CONTEXT_ENHANCED,compact-mlp-24,COMPACT_MLP,24,1,0.44150876541328676,0.75575,0.7284178168169766,0.7366254197332199,0.5413450687379063,192
2604,CONTEXT_ENHANCED,compact-mlp-24,COMPACT_MLP,24,2,0.2639040876405039,0.78825,0.774147412913726,0.7769486434179931,0.4509176772800069,365
2604,CONTEXT_ENHANCED,compact-mlp-24,COMPACT_MLP,24,3,0.2324622665903306,0.79225,0.7772775934478355,0.7801633395927632,0.46927502784603314,536
2604,CONTEXT_ENHANCED,compact-mlp-24,COMPACT_MLP,24,4,0.2179198714441829,0.81275,0.7925968601509217,0.8011260180801941,0.43343301102623594,709
2604,CONTEXT_ENHANCED,compact-mlp-24,COMPACT_MLP,24,5,0.21101682775347824,0.808625,0.7942877386121422,0.7983749687528464,0.4421073301268819,881
2604,CONTEXT_ENHANCED,compact-mlp-24,COMPACT_MLP,24,6,0.204878482959728,0.8235,0.81082852525339,0.8141675154186049,0.4029709999853548,1052
2604,CONTEXT_ENHANCED,compact-mlp-24,COMPACT_MLP,24,7,0.20173419039705515,0.82475,0.7942722009756548,0.8104495049050509,0.439115722379513,1223
2604,CONTEXT_ENHANCED,compact-mlp-24,COMPACT_MLP,24,8,0.19828654911694854,0.827125,0.8013513072864508,0.8126057525753421,0.43365537778525426,1393
2604,CONTEXT_ENHANCED,compact-mlp-24,COMPACT_MLP,24,9,0.19533453423499528,0.824875,0.7940352618897607,0.8080368185634358,0.454101515882331,1563
2604,CONTEXT_ENHANCED,compact-mlp-24,COMPACT_MLP,24,10,0.19379666246503238,0.83,0.8084976090455412,0.8182450186842983,0.4188329340614566,1749
2604,CONTEXT_ENHANCED,compact-mlp-24,COMPACT_MLP,24,11,0.1908941211875636,0.825,0.7934929209631356,0.8107687339634001,0.4360427932172805,1920
2604,CONTEXT_ENHANCED,compact-mlp-24,COMPACT_MLP,24,12,0.18920156009521116,0.819,0.7858067557823937,0.801831255274179,0.48779054829290996,2089
2604,CONTEXT_ENHANCED,compact-mlp-24,COMPACT_MLP,24,13,0.18883621182552676,0.8345,0.8092785095888466,0.823304977858303,0.41400638222019503,2258
2604,CONTEXT_ENHANCED,compact-mlp-24,COMPACT_MLP,24,14,0.18671259341001453,0.824125,0.7966313613747413,0.8127545304623519,0.44546113304814633,2428
2604,CONTEXT_ENHANCED,compact-mlp-24,COMPACT_MLP,24,15,0.18667468416309532,0.826375,0.8091608460810624,0.8175486437922971,0.4096802533590333,2597
2604,CONTEXT_ENHANCED,compact-mlp-24,COMPACT_MLP,24,16,0.1851867694532966,0.82625,0.8066427354774003,0.8159562630476728,0.4258345388956149,2768
2604,CONTEXT_ENHANCED,compact-mlp-24,COMPACT_MLP,24,17,0.18417547656478467,0.822875,0.8043965049582108,0.8146398862258272,0.40568805376961864,2936
2604,CONTEXT_ENHANCED,compact-mlp-24,COMPACT_MLP,24,18,0.1832089151672239,0.8205,0.796188618404193,0.8103551483207214,0.43917248382664903,3103
2604,CONTEXT_ENHANCED,compact-mlp-24,COMPACT_MLP,24,19,0.18276206761504457,0.818,0.7823059975417849,0.8031074984080311,0.4729621946182269,3272
2604,CONTEXT_ENHANCED,compact-mlp-24,COMPACT_MLP,24,20,0.18200136988656926,0.832875,0.8013143452952688,0.8178937871254344,0.43691676961643156,3444
2604,CONTEXT_ENHANCED,compact-mlp-24,COMPACT_MLP,24,21,0.18162990204381033,0.8305,0.7965215988799027,0.8142906995006042,0.44471488766360057,3614
2604,CONTEXT_EXPANDED,compact-mlp-24,COMPACT_MLP,24,1,0.30656630620974645,0.81,0.8088208843150132,0.8107987239537526,0.3971443788943719,566
2604,CONTEXT_EXPANDED,compact-mlp-24,COMPACT_MLP,24,2,0.2162014915669194,0.840875,0.842240911991437,0.8419517687782868,0.348735135411116,1074
2604,CONTEXT_EXPANDED,compact-mlp-24,COMPACT_MLP,24,3,0.19534167887962414,0.83975,0.8322968130064132,0.8374675881169744,0.349807331368899,1579
2604,CONTEXT_EXPANDED,compact-mlp-24,COMPACT_MLP,24,4,0.18603062193864206,0.847125,0.8283845541623339,0.8420253962823029,0.3389416607768287,2082
2604,CONTEXT_EXPANDED,compact-mlp-24,COMPACT_MLP,24,5,0.17984044812002614,0.84225,0.8197716914302949,0.8350712489435534,0.3645225234519655,2587
2604,CONTEXT_EXPANDED,compact-mlp-24,COMPACT_MLP,24,6,0.17500550420203617,0.826,0.8035713579668678,0.8184819538209064,0.4172188456651106,3091
2604,CONTEXT_EXPANDED,compact-mlp-24,COMPACT_MLP,24,7,0.17134519746402954,0.861,0.8571132435655868,0.8605888399514949,0.3082703720482602,3594
2604,CONTEXT_EXPANDED,compact-mlp-24,COMPACT_MLP,24,8,0.16714567946038908,0.862,0.8697229281536812,0.8641840642642578,0.3120335040196684,4103
2604,CONTEXT_EXPANDED,compact-mlp-24,COMPACT_MLP,24,9,0.16552128515398354,0.85375,0.8420630219875253,0.8502241104983629,0.33843626991911885,4608
2604,CONTEXT_EXPANDED,compact-mlp-24,COMPACT_MLP,24,10,0.16275477233717844,0.869125,0.8603897594045143,0.8668425563592637,0.2941784084268129,5112
2604,CONTEXT_EXPANDED,compact-mlp-24,COMPACT_MLP,24,11,0.16119974409063564,0.866375,0.8677638876280452,0.8675414064971328,0.30326947769269486,5610
2604,CONTEXT_EXPANDED,compact-mlp-24,COMPACT_MLP,24,12,0.16048100299998078,0.86925,0.8613319152754778,0.8683628441981562,0.30873990406007473,6112
2604,CONTEXT_EXPANDED,compact-mlp-24,COMPACT_MLP,24,13,0.15814305624332498,0.87025,0.8540047348546539,0.8665887516879072,0.30260460945300677,6608
2604,CONTEXT_EXPANDED,compact-mlp-24,COMPACT_MLP,24,14,0.15711024258688727,0.857625,0.8438775010849836,0.8542875843615514,0.3510390699659191,7106
2604,CONTEXT_EXPANDED,compact-mlp-24,COMPACT_MLP,24,15,0.1551674618828543,0.865375,0.8505453112534479,0.8630362007255276,0.31907238951953537,7604
2604,CONTEXT_EXPANDED,compact-mlp-24,COMPACT_MLP,24,16,0.15449822301174712,0.87475,0.8569230227923971,0.8706408618233762,0.29754151033206855,8090
2604,CONTEXT_EXPANDED,compact-mlp-24,COMPACT_MLP,24,17,0.15252141625005247,0.877625,0.8705493734732569,0.8773946286140987,0.2915228484316719,8579
2604,CONTEXT_EXPANDED,compact-mlp-24,COMPACT_MLP,24,18,0.15239813945358358,0.860875,0.835137157185296,0.852429497779473,0.32536153567429676,9067
2604,CONTEXT_EXPANDED,compact-mlp-24,COMPACT_MLP,24,19,0.15245120720403682,0.881375,0.8881833380331193,0.8839833620768539,0.2866371924611623,9557
2604,CONTEXT_EXPANDED,compact-mlp-24,COMPACT_MLP,24,20,0.1508995447714196,0.8765,0.8759652194399621,0.8779249678923894,0.295970892978885,10044
2604,CONTEXT_EXPANDED,compact-mlp-24,COMPACT_MLP,24,21,0.14928306365722419,0.884125,0.8888307561218274,0.8859632121849531,0.2737576756752753,10531
2604,CONTEXT_EXPANDED,compact-mlp-24,COMPACT_MLP,24,22,0.14924844982019833,0.87825,0.8765503336368665,0.879405467477422,0.3064121804915752,11019
2604,CONTEXT_EXPANDED,compact-mlp-24,COMPACT_MLP,24,23,0.14808638881329494,0.877375,0.8757013151025065,0.8784180606299513,0.29090957716624055,11506
2604,CONTEXT_EXPANDED,compact-mlp-24,COMPACT_MLP,24,24,0.1467999446851545,0.877875,0.8766876314068215,0.8782450895411936,0.2973948649379163,11996
2604,CONTEXT_EXPANDED,compact-mlp-24,COMPACT_MLP,24,25,0.1473369865265214,0.88525,0.8832314803119011,0.8863085202450534,0.2702219769865149,12482
2604,CONTEXT_EXPANDED,compact-mlp-24,COMPACT_MLP,24,26,0.1470456361309398,0.882125,0.8796658796886923,0.8825875941150304,0.27592712920953405,12972
2604,CONTEXT_EXPANDED,compact-mlp-24,COMPACT_MLP,24,27,0.14521850190697022,0.8765,0.8655388547937014,0.8745716433309623,0.29322875593673314,13460
2604,CONTEXT_EXPANDED,compact-mlp-24,COMPACT_MLP,24,28,0.14640479124804137,0.881625,0.8856885592655711,0.8838646525235673,0.2838973868126214,13951
2604,CONTEXT_EXPANDED,compact-mlp-24,COMPACT_MLP,24,29,0.14417203492215325,0.888875,0.890330759181694,0.8900460683251582,0.2641887325251999,14459
2604,CONTEXT_EXPANDED,compact-mlp-24,COMPACT_MLP,24,30,0.14502242996947348,0.88475,0.8770458674159477,0.8842167929366225,0.2739348827741659,14948
2604,CONTEXT_EXPANDED,compact-mlp-24,COMPACT_MLP,24,31,0.1448092401985927,0.890625,0.8945303007318778,0.8927674199994611,0.2610136972460772,15433
2604,CONTEXT_EXPANDED,compact-mlp-24,COMPACT_MLP,24,32,0.14365363314496438,0.8885,0.8967049328379,0.8916798297983934,0.27162074669946357,15934
2604,CONTEXT_EXPANDED,compact-mlp-24,COMPACT_MLP,24,33,0.1428822064144446,0.889875,0.8928367960025788,0.8920106769079322,0.2635455917521344,16430
2604,CONTEXT_EXPANDED,compact-mlp-24,COMPACT_MLP,24,34,0.14368660538886943,0.892375,0.8916452458371641,0.8931658201627739,0.2533799918152268,16929
2604,CONTEXT_EXPANDED,compact-mlp-24,COMPACT_MLP,24,35,0.1444109249509459,0.890875,0.8951963459353873,0.8926904641997474,0.26753073272858074,17425
2604,CONTEXT_EXPANDED,compact-mlp-24,COMPACT_MLP,24,36,0.14209663982859852,0.894375,0.9040170606886629,0.8977013341163095,0.26959255198070353,17925
2604,CONTEXT_EXPANDED,compact-mlp-24,COMPACT_MLP,24,37,0.14217656633312153,0.89625,0.9014282139338095,0.898297399654941,0.23809689230934647,18421
2604,CONTEXT_EXPANDED,compact-mlp-24,COMPACT_MLP,24,38,0.14165427452182883,0.892375,0.8963200527222083,0.8944290847397588,0.25163123213189514,18919
2604,CONTEXT_EXPANDED,compact-mlp-24,COMPACT_MLP,24,39,0.14206288497539435,0.89775,0.9066065796976407,0.9005328977366638,0.2584131203047668,19411
2604,CONTEXT_EXPANDED,compact-mlp-24,COMPACT_MLP,24,40,0.14064913119745726,0.88975,0.8939422842443573,0.891384972821661,0.26597929334180237,19907
2604,CONTEXT_RESEARCH_V2,compact-mlp-24,COMPACT_MLP,24,1,0.33071403119779824,0.795125,0.7777101017283002,0.7883323204927887,0.42830315167480265,744
2604,CONTEXT_RESEARCH_V2,compact-mlp-24,COMPACT_MLP,24,2,0.22982784253961644,0.816,0.7947178843088936,0.8078880985741422,0.39284357022835326,1398
2604,CONTEXT_RESEARCH_V2,compact-mlp-24,COMPACT_MLP,24,3,0.20768504542514837,0.842,0.8192704760991839,0.834049609127387,0.3398683933104621,2048
2604,CONTEXT_RESEARCH_V2,compact-mlp-24,COMPACT_MLP,24,4,0.19703499248929382,0.836,0.8031094182104822,0.8212296364496705,0.36169903934234127,2704
2604,CONTEXT_RESEARCH_V2,compact-mlp-24,COMPACT_MLP,24,5,0.18865960650261235,0.864375,0.8579389207458145,0.8630521782611478,0.296287078311617,3362
2604,CONTEXT_RESEARCH_V2,compact-mlp-24,COMPACT_MLP,24,6,0.18191399018896107,0.863375,0.855753629164066,0.8611367237133408,0.2947601217130924,4049
2604,CONTEXT_RESEARCH_V2,compact-mlp-24,COMPACT_MLP,24,7,0.17437276953591932,0.86525,0.8596217741073291,0.8646315099533468,0.3038243119132646,4757
2604,CONTEXT_RESEARCH_V2,compact-mlp-24,COMPACT_MLP,24,8,0.1714330331189241,0.87,0.8612707496681877,0.8681663247774245,0.2874343626926463,5404
2604,CONTEXT_RESEARCH_V2,compact-mlp-24,COMPACT_MLP,24,9,0.16674682577065453,0.8665,0.8649267862733309,0.8667121755633777,0.30435531762207707,6055
2604,CONTEXT_RESEARCH_V2,compact-mlp-24,COMPACT_MLP,24,10,0.16433738800675715,0.884,0.8825787317802917,0.8842162731707867,0.25678218642483885,6718
2604,CONTEXT_RESEARCH_V2,compact-mlp-24,COMPACT_MLP,24,11,0.16179671797607448,0.886375,0.8830744171426311,0.8872023266334425,0.2578801686581465,7622
2604,CONTEXT_RESEARCH_V2,compact-mlp-24,COMPACT_MLP,24,12,0.15893728414533956,0.890125,0.892355204005543,0.8909121969149129,0.2408803986235317,8317
2604,CONTEXT_RESEARCH_V2,compact-mlp-24,COMPACT_MLP,24,13,0.15776183629575324,0.87975,0.8832335108225228,0.8812233982986112,0.273034387002396,9092
2604,CONTEXT_RESEARCH_V2,compact-mlp-24,COMPACT_MLP,24,14,0.1563581614410309,0.88125,0.8737018226455574,0.8801306066398004,0.2735346894592897,10098
2604,CONTEXT_RESEARCH_V2,compact-mlp-24,COMPACT_MLP,24,15,0.15600480325401678,0.8895,0.892662263039058,0.8905853019298027,0.2559544321315748,10934
2604,CONTEXT_RESEARCH_V2,compact-mlp-24,COMPACT_MLP,24,16,0.15406991961500652,0.88575,0.8740174627015644,0.884643679953383,0.2615130684980786,11972
2604,CONTEXT_RESEARCH_V2,compact-mlp-24,COMPACT_MLP,24,17,0.1528451567651057,0.87725,0.8865572201700435,0.8807561504503442,0.2891315389966826,12723
2604,CONTEXT_RESEARCH_V2,compact-mlp-24,COMPACT_MLP,24,18,0.15236150521389027,0.881,0.8816938430067283,0.882250085399288,0.27843935552265786,13979
2604,CONTEXT_RESEARCH_V2,compact-mlp-24,COMPACT_MLP,24,19,0.15087281376709505,0.8805,0.8799542636647937,0.8808010239297875,0.2725223761089192,14860
2604,CONTEXT_RESEARCH_V2,compact-mlp-24,COMPACT_MLP,24,20,0.14984395062119063,0.888625,0.8854821680839207,0.8877294678895896,0.26256200350411685,15715
2605,BASELINE_KINEMATICS,compact-mlp-24,COMPACT_MLP,24,1,0.6207660570407971,0.6835333333333333,0.7174648851743131,0.6895192514465941,0.6834764083912681,274
2605,BASELINE_KINEMATICS,compact-mlp-24,COMPACT_MLP,24,2,0.4003669514814885,0.7904666666666667,0.8083701156446796,0.7898163288336958,0.5414158562904884,633
2605,BASELINE_KINEMATICS,compact-mlp-24,COMPACT_MLP,24,3,0.31799390977294784,0.797,0.8090616756614181,0.7916842543580785,0.5004857443081405,878
2605,BASELINE_KINEMATICS,compact-mlp-24,COMPACT_MLP,24,4,0.29313500808183907,0.8118666666666666,0.8221607501161851,0.8092954802008682,0.5066455198303618,1101
2605,BASELINE_KINEMATICS,compact-mlp-24,COMPACT_MLP,24,5,0.28183659777919096,0.8244,0.8295736491283231,0.8211756127465875,0.49701586654904406,1386
2605,BASELINE_KINEMATICS,compact-mlp-24,COMPACT_MLP,24,6,0.27495838504988135,0.8212666666666667,0.8364965265107537,0.8212104978888776,0.5047972239009522,1634
2605,BASELINE_KINEMATICS,compact-mlp-24,COMPACT_MLP,24,7,0.2710515768486674,0.8243333333333334,0.8341210395135589,0.8221414198201376,0.47044814000108504,1847
2605,BASELINE_KINEMATICS,compact-mlp-24,COMPACT_MLP,24,8,0.2677763252196015,0.8179333333333333,0.8271418356393557,0.8152844428690815,0.490227178794692,2053
2605,BASELINE_KINEMATICS,compact-mlp-24,COMPACT_MLP,24,9,0.26446061801748627,0.827,0.8258326486058554,0.8193046134625979,0.4670861684629173,2254
2605,BASELINE_KINEMATICS,compact-mlp-24,COMPACT_MLP,24,10,0.26274418556470014,0.827,0.8356491051092402,0.8227919560103216,0.46720431841505505,2467
2605,BASELINE_KINEMATICS,compact-mlp-24,COMPACT_MLP,24,11,0.2595055371313541,0.8280666666666666,0.8299474091853706,0.8221764992840784,0.4591821573894767,2705
2605,BASELINE_KINEMATICS,compact-mlp-24,COMPACT_MLP,24,12,0.257974833765269,0.8296,0.8410830494720306,0.8293540558950755,0.4768545678223554,2955
2605,BASELINE_KINEMATICS,compact-mlp-24,COMPACT_MLP,24,13,0.2566069483415199,0.8327333333333333,0.8360056958757491,0.8277571203761148,0.467097818868645,3212
2605,BASELINE_KINEMATICS,compact-mlp-24,COMPACT_MLP,24,14,0.2550887578070221,0.8344,0.842735171902469,0.8317786032198123,0.4507544469708402,3472
2605,BASELINE_KINEMATICS,compact-mlp-24,COMPACT_MLP,24,15,0.25241556928928666,0.8286,0.8354242055611106,0.8257782547510727,0.46704918556259817,3754
2605,BASELINE_KINEMATICS,compact-mlp-24,COMPACT_MLP,24,16,0.2508420352868864,0.8412666666666667,0.8384052575908975,0.8339896305061657,0.42625895736259856,4044
2605,BASELINE_KINEMATICS,compact-mlp-24,COMPACT_MLP,24,17,0.24866045919529722,0.8350666666666666,0.8415987592173652,0.8307582011581248,0.437597238037484,4267
2605,BASELINE_KINEMATICS,compact-mlp-24,COMPACT_MLP,24,18,0.24784237143574506,0.8346666666666667,0.8457556382407025,0.8314391858881517,0.4449367837306319,4496
2605,BASELINE_KINEMATICS,compact-mlp-24,COMPACT_MLP,24,19,0.2464540666303067,0.8340666666666666,0.8489147566486276,0.833394881048379,0.43870613325555186,4712
2605,BASELINE_KINEMATICS,compact-mlp-24,COMPACT_MLP,24,20,0.24535635342764361,0.8422666666666667,0.8491970780391528,0.8390361195723215,0.43073208475465496,4935
2605,BASELINE_KINEMATICS,compact-mlp-24,COMPACT_MLP,24,21,0.24421120213031272,0.844,0.8535194334032722,0.8419076767348388,0.4180272001369774,5186
2605,BASELINE_KINEMATICS,compact-mlp-24,COMPACT_MLP,24,22,0.24366204723356125,0.8385333333333334,0.8513495606182969,0.8386455382852357,0.45060814932252957,5442
2605,BASELINE_KINEMATICS,compact-mlp-24,COMPACT_MLP,24,23,0.2438455414531909,0.8321333333333333,0.8477303754183639,0.8326781804616042,0.4564228483256241,5655
2605,BASELINE_KINEMATICS,compact-mlp-24,COMPACT_MLP,24,24,0.24147626015221352,0.8417333333333333,0.8435754769674109,0.8367739234971466,0.4240781012547004,5915
2605,BASELINE_KINEMATICS,compact-mlp-24,COMPACT_MLP,24,25,0.24043746065163096,0.8410666666666666,0.8531792021417095,0.8405475720456526,0.44789572507823117,6188
2605,BASELINE_KINEMATICS,compact-mlp-24,COMPACT_MLP,24,26,0.23966397111299542,0.8335333333333333,0.8426728444370203,0.8308151894736708,0.44449030861099204,6463
2605,BASELINE_KINEMATICS,compact-mlp-24,COMPACT_MLP,24,27,0.2395589921618072,0.8376666666666667,0.8407419437751379,0.8336883485973354,0.44572905639407334,6746
2605,BASELINE_KINEMATICS,compact-mlp-24,COMPACT_MLP,24,28,0.2383117691385577,0.8362666666666667,0.8428478602976391,0.8335535390587813,0.44128188224114934,6990
2605,BASELINE_KINEMATICS,compact-mlp-24,COMPACT_MLP,24,29,0.2378580127282088,0.834,0.8342222286090747,0.8282525688267613,0.4346863902650266,7250
2605,CONTEXT_ENHANCED,compact-mlp-24,COMPACT_MLP,24,1,0.41169352014235466,0.8202,0.8389053059887885,0.8235690524517375,0.4714987947749273,279
2605,CONTEXT_ENHANCED,compact-mlp-24,COMPACT_MLP,24,2,0.26855675325289896,0.8539333333333333,0.8637586030116932,0.8542506557422765,0.3752474259789408,462
2605,CONTEXT_ENHANCED,compact-mlp-24,COMPACT_MLP,24,3,0.23528897952863123,0.8575333333333334,0.8706283352799368,0.8580213816370788,0.3533497450235669,708
2605,CONTEXT_ENHANCED,compact-mlp-24,COMPACT_MLP,24,4,0.2232318958620652,0.8698666666666667,0.8671499690060434,0.8677424993856618,0.3127999757787923,885
2605,CONTEXT_ENHANCED,compact-mlp-24,COMPACT_MLP,24,5,0.2155154135596599,0.8723333333333333,0.8667189880096206,0.8692053886209997,0.29491077200445387,1067
2605,CONTEXT_ENHANCED,compact-mlp-24,COMPACT_MLP,24,6,0.2116179144411443,0.8703333333333333,0.8785339000203405,0.8702087898885787,0.29822784736199,1243
2605,CONTEXT_ENHANCED,compact-mlp-24,COMPACT_MLP,24,7,0.20840032790801766,0.8734666666666666,0.8799903595705737,0.8732395032642275,0.29411680264183504,1421
2605,CONTEXT_ENHANCED,compact-mlp-24,COMPACT_MLP,24,8,0.20476115422496194,0.8754666666666666,0.8793776581891373,0.8749175813994404,0.28287991862710277,1598
2605,CONTEXT_ENHANCED,compact-mlp-24,COMPACT_MLP,24,9,0.20240472029564616,0.8764666666666666,0.8787916440452137,0.8757448704798513,0.28944618018681506,1775
2605,CONTEXT_ENHANCED,compact-mlp-24,COMPACT_MLP,24,10,0.19985393510933894,0.8802666666666666,0.8846807172865147,0.8801959644672136,0.27816802158918874,1952
2605,CONTEXT_ENHANCED,compact-mlp-24,COMPACT_MLP,24,11,0.1965047521448683,0.8759333333333333,0.8884518135128848,0.8776143579993141,0.2797540461681354,2143
2605,CONTEXT_ENHANCED,compact-mlp-24,COMPACT_MLP,24,12,0.1952856816311157,0.8791333333333333,0.8779990065610486,0.8781399351178888,0.279716266659029,2326
2605,CONTEXT_ENHANCED,compact-mlp-24,COMPACT_MLP,24,13,0.19301561633361586,0.8822,0.8877314956310226,0.882295906930748,0.26941018761612784,2509
2605,CONTEXT_ENHANCED,compact-mlp-24,COMPACT_MLP,24,14,0.19127110582807436,0.8816,0.8933067192709703,0.8829884381139089,0.25894834325013005,2712
2605,CONTEXT_ENHANCED,compact-mlp-24,COMPACT_MLP,24,15,0.18954653358579793,0.8855333333333333,0.8891830103139527,0.8851828505565672,0.2522743761008719,2899
2605,CONTEXT_ENHANCED,compact-mlp-24,COMPACT_MLP,24,16,0.18723481093201316,0.8870666666666667,0.8854061548217667,0.8853845319350668,0.2526904620278272,3075
2605,CONTEXT_ENHANCED,compact-mlp-24,COMPACT_MLP,24,17,0.1868677260116398,0.8856666666666667,0.8888814343862211,0.8853178400362495,0.2509062192706531,3253
2605,CONTEXT_ENHANCED,compact-mlp-24,COMPACT_MLP,24,18,0.18508596898852203,0.8862666666666666,0.8795092586408448,0.8836296175031864,0.2481649731189045,3431
2605,CONTEXT_ENHANCED,compact-mlp-24,COMPACT_MLP,24,19,0.18390931356519016,0.8874,0.889223787086371,0.8865783402119845,0.24950362087455136,3608
2605,CONTEXT_ENHANCED,compact-mlp-24,COMPACT_MLP,24,20,0.1826327690997526,0.8910666666666667,0.8896187476216797,0.889548550456524,0.24557160591368946,3784
2605,CONTEXT_ENHANCED,compact-mlp-24,COMPACT_MLP,24,21,0.18152278997383042,0.8887333333333334,0.8948133726989385,0.888606932524155,0.24827456055244068,3961
2605,CONTEXT_ENHANCED,compact-mlp-24,COMPACT_MLP,24,22,0.18015934846933,0.8950666666666667,0.8947843162103167,0.8929069174098555,0.2373309084216057,4137
2605,CONTEXT_ENHANCED,compact-mlp-24,COMPACT_MLP,24,23,0.17963833242703828,0.8918,0.9031614162436786,0.8923953798698729,0.23992464012004014,4312
2605,CONTEXT_ENHANCED,compact-mlp-24,COMPACT_MLP,24,24,0.17923686595697907,0.8936666666666667,0.8918329957620516,0.8919154452157793,0.2395578486828137,4488
2605,CONTEXT_ENHANCED,compact-mlp-24,COMPACT_MLP,24,25,0.17839150969464118,0.8938,0.8909730743784081,0.8917295269729156,0.23614416129788737,4663
2605,CONTEXT_ENHANCED,compact-mlp-24,COMPACT_MLP,24,26,0.17799459570160184,0.8924666666666666,0.8996844086011314,0.8920833694993813,0.23957658052365005,4838
2605,CONTEXT_ENHANCED,compact-mlp-24,COMPACT_MLP,24,27,0.17802252398408286,0.8944666666666666,0.8934201689816409,0.8926044978627526,0.23789652361847688,5014
2605,CONTEXT_ENHANCED,compact-mlp-24,COMPACT_MLP,24,28,0.17762425414706615,0.8915333333333333,0.8955858835514522,0.8911108140892248,0.24409982011594908,5190
2605,CONTEXT_ENHANCED,compact-mlp-24,COMPACT_MLP,24,29,0.1769294786789647,0.8939333333333334,0.8903061494921037,0.8915161141795004,0.23686131622851142,5367
2605,CONTEXT_ENHANCED,compact-mlp-24,COMPACT_MLP,24,30,0.17538773914809838,0.8966666666666666,0.897259340441399,0.8946319800474712,0.23563283816939173,5555
2605,CONTEXT_ENHANCED,compact-mlp-24,COMPACT_MLP,24,31,0.17559822258851654,0.8961333333333333,0.898672087382114,0.8949029061302572,0.23147290410084304,5732
2605,CONTEXT_ENHANCED,compact-mlp-24,COMPACT_MLP,24,32,0.1757464409355073,0.8956666666666667,0.9009918305843246,0.8950739232503793,0.2312141774490295,5909
2605,CONTEXT_ENHANCED,compact-mlp-24,COMPACT_MLP,24,33,0.17599649312554924,0.8994666666666666,0.8967019448569866,0.8969811240618237,0.22712378702801636,6088
2605,CONTEXT_ENHANCED,compact-mlp-24,COMPACT_MLP,24,34,0.17539475090077944,0.8961333333333333,0.897732001883684,0.8946541678012555,0.23064575383724747,6264
2605,CONTEXT_ENHANCED,compact-mlp-24,COMPACT_MLP,24,35,0.17455481881295487,0.8906,0.8951710773366025,0.8902807703234955,0.24406529078863562,6441
2605,CONTEXT_ENHANCED,compact-mlp-24,COMPACT_MLP,24,36,0.17463549318952437,0.8991333333333333,0.9049803798197557,0.8983501181345992,0.22794125859444364,6618
2605,CONTEXT_ENHANCED,compact-mlp-24,COMPACT_MLP,24,37,0.17436025289624293,0.8954666666666666,0.9019131411286437,0.8949036952868076,0.24051134885942294,6794
2605,CONTEXT_ENHANCED,compact-mlp-24,COMPACT_MLP,24,38,0.17380325694769436,0.8998,0.8991184133622454,0.8978499791859985,0.22462811347945083,6970
2605,CONTEXT_ENHANCED,compact-mlp-24,COMPACT_MLP,24,39,0.17330491798041348,0.9004666666666666,0.8988100636474603,0.8980097977908118,0.22813863609039792,7145
2605,CONTEXT_ENHANCED,compact-mlp-24,COMPACT_MLP,24,40,0.17373423409065486,0.8952,0.9021753181472806,0.8946392842009212,0.23230269206725226,7321
2605,CONTEXT_EXPANDED,compact-mlp-24,COMPACT_MLP,24,1,0.3250608820745551,0.8572,0.865395111073039,0.8572929691662569,0.30929451376985095,641
2605,CONTEXT_EXPANDED,compact-mlp-24,COMPACT_MLP,24,2,0.22084797098220432,0.8857333333333334,0.9015330206573094,0.8870745816332182,0.25643639231061177,1190
2605,CONTEXT_EXPANDED,compact-mlp-24,COMPACT_MLP,24,3,0.1986836045295438,0.8943333333333333,0.8978552874656539,0.8931081424347926,0.23413531801564808,1717
2605,CONTEXT_EXPANDED,compact-mlp-24,COMPACT_MLP,24,4,0.18618625832470104,0.8984,0.9066331419314699,0.897829392501109,0.22739464042816804,2242
2605,CONTEXT_EXPANDED,compact-mlp-24,COMPACT_MLP,24,5,0.1789730067984185,0.9019333333333334,0.9092747594268195,0.9009687632474592,0.22043661737166692,2761
2605,CONTEXT_EXPANDED,compact-mlp-24,COMPACT_MLP,24,6,0.17265102721949255,0.911,0.9131717691540708,0.9086848347819637,0.20673714309781724,3278
2605,CONTEXT_EXPANDED,compact-mlp-24,COMPACT_MLP,24,7,0.16910053927282911,0.9067333333333333,0.9167113159515186,0.9062319442738964,0.21533454945689684,3796
2605,CONTEXT_EXPANDED,compact-mlp-24,COMPACT_MLP,24,8,0.1649516026869807,0.908,0.9174196934834361,0.9072622459337443,0.2137959415487413,4311
2605,CONTEXT_EXPANDED,compact-mlp-24,COMPACT_MLP,24,9,0.1631263509192669,0.913,0.9166639832550089,0.910341402756966,0.20975913527539636,4826
2605,CONTEXT_EXPANDED,compact-mlp-24,COMPACT_MLP,24,10,0.15976640573244827,0.9116666666666666,0.9172206799016233,0.9095033438817562,0.2114864808599755,5359
2605,CONTEXT_EXPANDED,compact-mlp-24,COMPACT_MLP,24,11,0.15933848948076687,0.9083333333333333,0.9196515735374997,0.9073697419679054,0.2116601347326392,5875
2605,CONTEXT_EXPANDED,compact-mlp-24,COMPACT_MLP,24,12,0.15583765295534846,0.9116666666666666,0.9243751313381693,0.9107825366325502,0.21229029094724572,6391
2605,CONTEXT_EXPANDED,compact-mlp-24,COMPACT_MLP,24,13,0.15517468592606878,0.9148666666666667,0.9223385985808713,0.9129380284821359,0.20663547991118308,6906
2605,CONTEXT_EXPANDED,compact-mlp-24,COMPACT_MLP,24,14,0.15376520435011165,0.9152666666666667,0.9217070891057348,0.9134025820936787,0.20598120876866133,7421
2605,CONTEXT_EXPANDED,compact-mlp-24,COMPACT_MLP,24,15,0.15274604722887195,0.9127333333333333,0.9172263699047801,0.9098704413539865,0.20766113575286085,7937
2605,CONTEXT_EXPANDED,compact-mlp-24,COMPACT_MLP,24,16,0.15099945001108847,0.9161333333333334,0.9258534587254631,0.9150347631449245,0.20358472123456128,8451
2605,CONTEXT_EXPANDED,compact-mlp-24,COMPACT_MLP,24,17,0.15000689247069263,0.9144,0.9248230383566801,0.9135397560606746,0.20531795776429618,8969
2605,CONTEXT_EXPANDED,compact-mlp-24,COMPACT_MLP,24,18,0.149520105814525,0.9131333333333334,0.9263339416156287,0.9121182877796888,0.21037874482408667,9491
2605,CONTEXT_EXPANDED,compact-mlp-24,COMPACT_MLP,24,19,0.14908642243085765,0.9116666666666666,0.9235425861237005,0.9106469773649045,0.208650780396462,10016
2605,CONTEXT_EXPANDED,compact-mlp-24,COMPACT_MLP,24,20,0.14909667819764053,0.9134666666666666,0.9181322276699273,0.9114647233361293,0.20938268988162553,10538
2605,CONTEXT_EXPANDED,compact-mlp-24,COMPACT_MLP,24,21,0.14721375155281066,0.9149333333333334,0.9129253319713775,0.9121279235817769,0.19952240014550798,11062
2605,CONTEXT_EXPANDED,compact-mlp-24,COMPACT_MLP,24,22,0.14683274796300191,0.9116666666666666,0.9214803460187979,0.9098460519211602,0.21177332792266054,11583
2605,CONTEXT_EXPANDED,compact-mlp-24,COMPACT_MLP,24,23,0.145766781910688,0.9122,0.9234099180677431,0.9113385929113432,0.21221030933164575,12107
2605,CONTEXT_EXPANDED,compact-mlp-24,COMPACT_MLP,24,24,0.1453923246964971,0.9168,0.9200030739575822,0.9135533669919945,0.20409525098500741,12634
2605,CONTEXT_RESEARCH_V2,compact-mlp-24,COMPACT_MLP,24,1,0.32270281586941496,0.8601333333333333,0.8814317329425997,0.8626065643804942,0.30008767926009233,804
2605,CONTEXT_RESEARCH_V2,compact-mlp-24,COMPACT_MLP,24,2,0.22290892433204995,0.882,0.9000539020049557,0.8825898434156754,0.26308256658443635,1480
2605,CONTEXT_RESEARCH_V2,compact-mlp-24,COMPACT_MLP,24,3,0.20442555969333476,0.8946,0.9019635883498148,0.8931806926862507,0.23692327334818847,2164
2605,CONTEXT_RESEARCH_V2,compact-mlp-24,COMPACT_MLP,24,4,0.19296272203027626,0.8994,0.9112206402385842,0.8985789403896054,0.2288131509636765,2839
2605,CONTEXT_RESEARCH_V2,compact-mlp-24,COMPACT_MLP,24,5,0.18573534721478882,0.9022666666666667,0.9182266768294237,0.9027581783045736,0.22329643978327868,3513
2605,CONTEXT_RESEARCH_V2,compact-mlp-24,COMPACT_MLP,24,6,0.1794123683245926,0.9019333333333334,0.9148437858029913,0.9010974531371768,0.22353371996349747,4190
2605,CONTEXT_RESEARCH_V2,compact-mlp-24,COMPACT_MLP,24,7,0.17390143278857997,0.9074,0.9105209377973099,0.9049414131760737,0.21377473985003823,4861
2605,CONTEXT_RESEARCH_V2,compact-mlp-24,COMPACT_MLP,24,8,0.1699611992750699,0.906,0.9124618305960462,0.9039056585514729,0.2175715046161528,5538
2605,CONTEXT_RESEARCH_V2,compact-mlp-24,COMPACT_MLP,24,9,0.1664358552738629,0.907,0.9132002591944005,0.904148570851348,0.21964195956877122,6215
2605,CONTEXT_RESEARCH_V2,compact-mlp-24,COMPACT_MLP,24,10,0.16460764714948473,0.8975333333333333,0.9187745198355323,0.8979546259362582,0.2375805557464147,6895
2605,CONTEXT_RESEARCH_V2,compact-mlp-24,COMPACT_MLP,24,11,0.1609100462337658,0.9087333333333333,0.9143934132357848,0.9071712330765407,0.2134774420518897,7563
2605,CONTEXT_RESEARCH_V2,compact-mlp-24,COMPACT_MLP,24,12,0.15936376879498632,0.902,0.9168931556987218,0.9007535417932407,0.22359755145178364,8235
2605,CONTEXT_RESEARCH_V2,compact-mlp-24,COMPACT_MLP,24,13,0.15744637333904823,0.9103333333333333,0.9143091632896735,0.9079955933117727,0.20724225464879592,8910
2605,CONTEXT_RESEARCH_V2,compact-mlp-24,COMPACT_MLP,24,14,0.15613455541334376,0.9064666666666666,0.9178908400976699,0.9046656117054348,0.22050265032707986,9577
2605,CONTEXT_RESEARCH_V2,compact-mlp-24,COMPACT_MLP,24,15,0.15494740034452154,0.9104,0.9143264580470628,0.9075505427735061,0.2071258456067179,10239
2605,CONTEXT_RESEARCH_V2,compact-mlp-24,COMPACT_MLP,24,16,0.15362850237112965,0.9084666666666666,0.917127543175417,0.906862383437001,0.21497045625427938,10898
2605,CONTEXT_RESEARCH_V2,compact-mlp-24,COMPACT_MLP,24,17,0.15233388433978096,0.9099333333333334,0.9215675980123375,0.9086754278371592,0.21192945202510793,11563
2605,CONTEXT_RESEARCH_V2,compact-mlp-24,COMPACT_MLP,24,18,0.15137650152574697,0.9094666666666666,0.9195236356070633,0.9083862850023549,0.2105047638016973,12231
2605,CONTEXT_RESEARCH_V2,compact-mlp-24,COMPACT_MLP,24,19,0.14936058901217128,0.9126666666666666,0.9208731313966131,0.9112426709936629,0.20482929717116655,12900
2605,CONTEXT_RESEARCH_V2,compact-mlp-24,COMPACT_MLP,24,20,0.15061631597184366,0.9087333333333333,0.9154751297867317,0.905525435605461,0.21613657810872527,13572
2605,CONTEXT_RESEARCH_V2,compact-mlp-24,COMPACT_MLP,24,21,0.14893415382416775,0.9112666666666667,0.923604822753628,0.9106337197398164,0.2103310496360709,14240
2605,CONTEXT_RESEARCH_V2,compact-mlp-24,COMPACT_MLP,24,22,0.14962178774791648,0.9081333333333333,0.9104876915145255,0.9043160475792659,0.21460437206093116,14912
2605,CONTEXT_RESEARCH_V2,compact-mlp-24,COMPACT_MLP,24,23,0.14847499890852645,0.9098666666666667,0.9135578429092849,0.9067860947634552,0.20777725322628618,15584
2605,CONTEXT_RESEARCH_V2,compact-mlp-24,COMPACT_MLP,24,24,0.14771038924132984,0.9094666666666666,0.9181186439039003,0.9071976854172977,0.21184476187184906,16256
2605,CONTEXT_RESEARCH_V2,compact-mlp-24,COMPACT_MLP,24,25,0.14788206790126301,0.9129333333333334,0.914509919568636,0.9105597741160819,0.20598419143007343,16916
2605,CONTEXT_RESEARCH_V2,compact-mlp-24,COMPACT_MLP,24,26,0.14663795471381927,0.9116666666666666,0.9220849203750502,0.9102034636473944,0.21385249058760364,17574
2605,CONTEXT_RESEARCH_V2,compact-mlp-24,COMPACT_MLP,24,27,0.14668065732014018,0.9104,0.9164301176579895,0.9073939742368021,0.20816705726641777,18236
2606,BASELINE_KINEMATICS,compact-mlp-24,COMPACT_MLP,24,1,0.7198400546288325,0.5825384615384616,0.6051283287788269,0.5853445613898732,0.7796749977460937,179
2606,BASELINE_KINEMATICS,compact-mlp-24,COMPACT_MLP,24,2,0.5032650751018849,0.6961538461538461,0.6907630449310175,0.6995699119542392,0.6109262542165379,330
2606,BASELINE_KINEMATICS,compact-mlp-24,COMPACT_MLP,24,3,0.35522341755850734,0.7723846153846153,0.767156964947771,0.7821571848222697,0.500779225925524,482
2606,BASELINE_KINEMATICS,compact-mlp-24,COMPACT_MLP,24,4,0.29813549590736366,0.8045384615384615,0.7954077960052955,0.8087249355332945,0.45565399524721545,631
2606,BASELINE_KINEMATICS,compact-mlp-24,COMPACT_MLP,24,5,0.2798761506018009,0.801923076923077,0.7963788287225384,0.808632211300356,0.46014164343963065,780
2606,BASELINE_KINEMATICS,compact-mlp-24,COMPACT_MLP,24,6,0.2704369700630306,0.7994615384615384,0.7927368434939542,0.8048735038930959,0.45974113111968884,930
2606,BASELINE_KINEMATICS,compact-mlp-24,COMPACT_MLP,24,7,0.26496463182764374,0.8044615384615385,0.8005175490107345,0.8124474483894151,0.4436665059237218,1080
2606,BASELINE_KINEMATICS,compact-mlp-24,COMPACT_MLP,24,8,0.26066408541609737,0.8012307692307692,0.7937776483932842,0.8092159870197939,0.43640842858134526,1229
2606,BASELINE_KINEMATICS,compact-mlp-24,COMPACT_MLP,24,9,0.2579035980893987,0.814076923076923,0.8238245682935513,0.8280088872719435,0.420150042295443,1380
2606,BASELINE_KINEMATICS,compact-mlp-24,COMPACT_MLP,24,10,0.2539733326299061,0.812,0.817395106719681,0.8232624468776173,0.42089062938355565,1529
2606,BASELINE_KINEMATICS,compact-mlp-24,COMPACT_MLP,24,11,0.25125074549681586,0.8083076923076923,0.8180547926744177,0.8219493847941014,0.4250092919902997,1678
2606,BASELINE_KINEMATICS,compact-mlp-24,COMPACT_MLP,24,12,0.2490362849212877,0.8143076923076923,0.8303290574078638,0.83081575484503,0.4278602848340386,1827
2606,BASELINE_KINEMATICS,compact-mlp-24,COMPACT_MLP,24,13,0.24637957220412826,0.8032307692307692,0.8072255720488671,0.8159787921450904,0.4448139012516456,1976
2606,BASELINE_KINEMATICS,compact-mlp-24,COMPACT_MLP,24,14,0.24535888337366876,0.8178461538461539,0.8292276462313853,0.832566581955345,0.41630987583397605,2126
2606,BASELINE_KINEMATICS,compact-mlp-24,COMPACT_MLP,24,15,0.2439798857612371,0.817923076923077,0.8378731063434778,0.8370658155492835,0.4248517262637998,2274
2606,BASELINE_KINEMATICS,compact-mlp-24,COMPACT_MLP,24,16,0.24227033987781518,0.8126153846153846,0.8404616745275648,0.8349668578441761,0.44004097297034833,2442
2606,BASELINE_KINEMATICS,compact-mlp-24,COMPACT_MLP,24,17,0.2418303694155436,0.820923076923077,0.8353378842880934,0.8386922817196388,0.4079783735503841,2592
2606,BASELINE_KINEMATICS,compact-mlp-24,COMPACT_MLP,24,18,0.2403145251067147,0.814076923076923,0.823544988782329,0.8307211891457215,0.42870218932872567,2742
2606,BASELINE_KINEMATICS,compact-mlp-24,COMPACT_MLP,24,19,0.23903182064388181,0.8223076923076923,0.8394199560133551,0.8411076119238828,0.4189011158890454,2892
2606,BASELINE_KINEMATICS,compact-mlp-24,COMPACT_MLP,24,20,0.23878517964478208,0.818076923076923,0.8437001001115255,0.838923870547022,0.42677722710066335,3041
2606,BASELINE_KINEMATICS,compact-mlp-24,COMPACT_MLP,24,21,0.23798574523358024,0.8173076923076923,0.8318622038310622,0.8360636393580149,0.42068908027775237,3191
2606,BASELINE_KINEMATICS,compact-mlp-24,COMPACT_MLP,24,22,0.23790036606026863,0.8162307692307692,0.8257403437440666,0.8335613401282096,0.4281859377906051,3340
2606,BASELINE_KINEMATICS,compact-mlp-24,COMPACT_MLP,24,23,0.23621734576587777,0.8104615384615385,0.829938884139256,0.8323543863680382,0.44891717712820367,3488
2606,BASELINE_KINEMATICS,compact-mlp-24,COMPACT_MLP,24,24,0.23552835709916464,0.820923076923077,0.8345677600264763,0.8395214903163196,0.4107880730581358,3635
2606,BASELINE_KINEMATICS,compact-mlp-24,COMPACT_MLP,24,25,0.23566549721579177,0.8171538461538461,0.830761082643383,0.8353127630442653,0.4229603059031605,3783
2606,BASELINE_KINEMATICS,compact-mlp-24,COMPACT_MLP,24,26,0.2347262046332335,0.8083076923076923,0.8200735978527326,0.8270532769516886,0.4517889111650079,3934
2606,BASELINE_KINEMATICS,compact-mlp-24,COMPACT_MLP,24,27,0.2336413808869898,0.8201538461538461,0.8353579269747687,0.8395380471296975,0.4173546808437747,4082
2606,CONTEXT_ENHANCED,compact-mlp-24,COMPACT_MLP,24,1,0.38138299970839856,0.8076153846153846,0.8228397853093988,0.8240684552965963,0.40533625166047205,263
2606,CONTEXT_ENHANCED,compact-mlp-24,COMPACT_MLP,24,2,0.2646164984885223,0.8217692307692308,0.8399842884219729,0.8377374480490731,0.37194778759440333,448
2606,CONTEXT_ENHANCED,compact-mlp-24,COMPACT_MLP,24,3,0.2380353607076251,0.8327692307692308,0.8520383278234466,0.8488270703307843,0.35491470123452307,637
2606,CONTEXT_ENHANCED,compact-mlp-24,COMPACT_MLP,24,4,0.22203777220860696,0.8349230769230769,0.8439534533703523,0.8465132964922097,0.351070358790326,822
2606,CONTEXT_ENHANCED,compact-mlp-24,COMPACT_MLP,24,5,0.21408567466651662,0.8493076923076923,0.8495436854987085,0.8580710709425019,0.31583002227027757,1009
2606,CONTEXT_ENHANCED,compact-mlp-24,COMPACT_MLP,24,6,0.20849041379458846,0.8484615384615385,0.8436911095927851,0.8546916282328662,0.32587513262701295,1196
2606,CONTEXT_ENHANCED,compact-mlp-24,COMPACT_MLP,24,7,0.20461795109294142,0.8496153846153847,0.8543875372554998,0.8593249720283963,0.32977065660376803,1381
2606,CONTEXT_ENHANCED,compact-mlp-24,COMPACT_MLP,24,8,0.20206590319823584,0.8572307692307692,0.8688012882381783,0.8695644969825885,0.3150093173581527,1565
2606,CONTEXT_ENHANCED,compact-mlp-24,COMPACT_MLP,24,9,0.19980619863754293,0.86,0.8799116193698859,0.8751394820635655,0.312347473516358,1748
2606,CONTEXT_ENHANCED,compact-mlp-24,COMPACT_MLP,24,10,0.19790796862754328,0.861,0.8769817816658586,0.8747597909262489,0.30517627670415587,1935
2606,CONTEXT_ENHANCED,compact-mlp-24,COMPACT_MLP,24,11,0.19508160963763405,0.8593076923076923,0.8874080953288633,0.8766732818515962,0.3239954504685101,2119
2606,CONTEXT_ENHANCED,compact-mlp-24,COMPACT_MLP,24,12,0.19430633775155964,0.8602307692307692,0.889266238071218,0.8777204278302273,0.3173973001738661,2304
2606,CONTEXT_ENHANCED,compact-mlp-24,COMPACT_MLP,24,13,0.19268086373000162,0.8566153846153847,0.8846003947383766,0.8741549954375704,0.32638696076699425,2487
2606,CONTEXT_ENHANCED,compact-mlp-24,COMPACT_MLP,24,14,0.19094796259520957,0.8586923076923076,0.8812704556245347,0.875351184564229,0.31154141291138254,2670
2606,CONTEXT_ENHANCED,compact-mlp-24,COMPACT_MLP,24,15,0.1898450895671597,0.8597692307692307,0.8745644060726638,0.8743839276726141,0.30689252654833177,2852
2606,CONTEXT_ENHANCED,compact-mlp-24,COMPACT_MLP,24,16,0.18920180456143973,0.8620769230769231,0.8939498911456596,0.8803544904534849,0.3123339849080749,3034
2606,CONTEXT_ENHANCED,compact-mlp-24,COMPACT_MLP,24,17,0.18714864003029258,0.86,0.876615504089687,0.8748071937551639,0.3119395479657486,3218
2606,CONTEXT_ENHANCED,compact-mlp-24,COMPACT_MLP,24,18,0.18698539414213827,0.8604615384615385,0.8838375500634275,0.8769040376071922,0.3098073585752892,3400
2606,CONTEXT_ENHANCED,compact-mlp-24,COMPACT_MLP,24,19,0.18516774550318707,0.8652307692307692,0.8867570130630279,0.8812619826370695,0.29980455964858815,3583
2606,CONTEXT_ENHANCED,compact-mlp-24,COMPACT_MLP,24,20,0.18364078669218029,0.8601538461538462,0.8929743097922405,0.8785682581614248,0.3115257049382834,3767
2606,CONTEXT_ENHANCED,compact-mlp-24,COMPACT_MLP,24,21,0.18364246281952762,0.8658461538461538,0.8795593992398135,0.8800868872208877,0.28361935961728973,3953
2606,CONTEXT_ENHANCED,compact-mlp-24,COMPACT_MLP,24,22,0.18314708364626384,0.8644615384615385,0.8883948294130782,0.8809300641111556,0.30380683277866055,4137
2606,CONTEXT_ENHANCED,compact-mlp-24,COMPACT_MLP,24,23,0.18168283394931334,0.8701538461538462,0.8960483537726297,0.8861104137935784,0.2900529529008437,4322
2606,CONTEXT_ENHANCED,compact-mlp-24,COMPACT_MLP,24,24,0.1809618439561482,0.8711538461538462,0.895304201574103,0.8871080055427608,0.2973619381547933,4509
2606,CONTEXT_ENHANCED,compact-mlp-24,COMPACT_MLP,24,25,0.17960978110944348,0.8706153846153846,0.8953563000268726,0.8859828388779363,0.29037040196830904,4694
2606,CONTEXT_ENHANCED,compact-mlp-24,COMPACT_MLP,24,26,0.17883190162673748,0.8636923076923076,0.8871894561558427,0.8794565150818286,0.307660941469968,4879
2606,CONTEXT_ENHANCED,compact-mlp-24,COMPACT_MLP,24,27,0.1793943800174643,0.8766923076923077,0.9016311273536971,0.8917283520131952,0.27884941790363044,5064
2606,CONTEXT_ENHANCED,compact-mlp-24,COMPACT_MLP,24,28,0.17817988558343695,0.8695384615384616,0.8934416917540972,0.8856462472339738,0.2934432959841051,5248
2606,CONTEXT_ENHANCED,compact-mlp-24,COMPACT_MLP,24,29,0.1773274370089618,0.8712307692307693,0.892675959554235,0.8863257443038841,0.2855761699831569,5433
2606,CONTEXT_ENHANCED,compact-mlp-24,COMPACT_MLP,24,30,0.1782522099463668,0.8708461538461538,0.8942545029970725,0.8868581425232568,0.3034364965488858,5617
2606,CONTEXT_ENHANCED,compact-mlp-24,COMPACT_MLP,24,31,0.17549358088060876,0.8732307692307693,0.8934602508161414,0.888446464412307,0.2820528305137239,5803
2606,CONTEXT_ENHANCED,compact-mlp-24,COMPACT_MLP,24,32,0.1768783725937498,0.8703846153846154,0.8978036263095827,0.8866406552291495,0.30194312885117497,5988
2606,CONTEXT_ENHANCED,compact-mlp-24,COMPACT_MLP,24,33,0.1766448368301127,0.8789230769230769,0.8996208468400789,0.8927559319326382,0.2746397700222537,6174
2606,CONTEXT_ENHANCED,compact-mlp-24,COMPACT_MLP,24,34,0.17541964367658036,0.872,0.8972597052505721,0.8878429925670591,0.28876522679215644,6358
2606,CONTEXT_ENHANCED,compact-mlp-24,COMPACT_MLP,24,35,0.17628804487023866,0.8726153846153846,0.8935276901167377,0.8881906238101115,0.2877073724764953,6544
2606,CONTEXT_ENHANCED,compact-mlp-24,COMPACT_MLP,24,36,0.17535244723147445,0.8705384615384615,0.8946883477423366,0.8869380879196972,0.2990608400745424,6730
2606,CONTEXT_ENHANCED,compact-mlp-24,COMPACT_MLP,24,37,0.17504663015932476,0.8688461538461538,0.892563728195702,0.8846338423372136,0.2930451591757229,6916
2606,CONTEXT_ENHANCED,compact-mlp-24,COMPACT_MLP,24,38,0.17437520857315342,0.8714615384615385,0.8955838549137208,0.8873744130702037,0.29024821213645835,7102
2606,CONTEXT_ENHANCED,compact-mlp-24,COMPACT_MLP,24,39,0.174710229217561,0.8724615384615385,0.8874234038226438,0.8862486492681505,0.28389020553850197,7288
2606,CONTEXT_ENHANCED,compact-mlp-24,COMPACT_MLP,24,40,0.1748429539787809,0.8678461538461538,0.8985268217827826,0.8840175442932198,0.3026319698247462,7470
2606,CONTEXT_EXPANDED,compact-mlp-24,COMPACT_MLP,24,1,0.32008337299013484,0.8336153846153846,0.8576394792581056,0.8523470687036626,0.3458902512470011,645
2606,CONTEXT_EXPANDED,compact-mlp-24,COMPACT_MLP,24,2,0.22871208297478163,0.8440769230769231,0.8803151271485415,0.864643330509963,0.3381625639028082,1191
2606,CONTEXT_EXPANDED,compact-mlp-24,COMPACT_MLP,24,3,0.20310439339256675,0.8564615384615385,0.8787685899273621,0.8726120326222362,0.3078974989535065,1739
2606,CONTEXT_EXPANDED,compact-mlp-24,COMPACT_MLP,24,4,0.19127332643415848,0.8639230769230769,0.8875337414192647,0.8801820971235736,0.2993540213942486,2284
2606,CONTEXT_EXPANDED,compact-mlp-24,COMPACT_MLP,24,5,0.18211587169924368,0.8750769230769231,0.8915728883904096,0.8883585500278274,0.2772366788447492,2824
2606,CONTEXT_EXPANDED,compact-mlp-24,COMPACT_MLP,24,6,0.1759550485603987,0.8746153846153846,0.88824097466639,0.8868655236494115,0.27378353542237144,3361
2606,CONTEXT_EXPANDED,compact-mlp-24,COMPACT_MLP,24,7,0.17116895809443267,0.8697692307692307,0.8893277748772633,0.8842109237763695,0.28684356914057413,3904
2606,CONTEXT_EXPANDED,compact-mlp-24,COMPACT_MLP,24,8,0.16821284772398892,0.8773076923076923,0.8878888402303198,0.8883408010585777,0.28033248031567776,4452
2606,CONTEXT_EXPANDED,compact-mlp-24,COMPACT_MLP,24,9,0.16361995194200735,0.8775384615384615,0.896341944483564,0.8902222240570371,0.2886480231866898,4994
2606,CONTEXT_EXPANDED,compact-mlp-24,COMPACT_MLP,24,10,0.1611279456051235,0.8816153846153846,0.8968294734904773,0.8939605481745154,0.26633645733295014,5603
2606,CONTEXT_EXPANDED,compact-mlp-24,COMPACT_MLP,24,11,0.1594214522509386,0.8833076923076923,0.9067505244811969,0.89643776018868,0.26207914875660043,6160
2606,CONTEXT_EXPANDED,compact-mlp-24,COMPACT_MLP,24,12,0.15737118277187254,0.8836153846153846,0.8901809037941666,0.8927648510135779,0.25337435929461755,6751
2606,CONTEXT_EXPANDED,compact-mlp-24,COMPACT_MLP,24,13,0.15667903999224922,0.8891538461538462,0.9004942569902603,0.8996351534484496,0.24965769832367476,7297
2606,CONTEXT_EXPANDED,compact-mlp-24,COMPACT_MLP,24,14,0.1558505089574223,0.8844615384615384,0.8980667180073052,0.8954935471469102,0.25771383348539434,7851
2606,CONTEXT_EXPANDED,compact-mlp-24,COMPACT_MLP,24,15,0.15370144715705453,0.887,0.9065861943198218,0.898614323143657,0.25574532435267977,8400
2606,CONTEXT_EXPANDED,compact-mlp-24,COMPACT_MLP,24,16,0.15304179990001696,0.8892307692307693,0.8983428378097301,0.8989294077085409,0.25147809360314205,8952
2606,CONTEXT_EXPANDED,compact-mlp-24,COMPACT_MLP,24,17,0.15112325146515965,0.8887692307692308,0.9027135844208066,0.9001841393314148,0.24816258293200988,9494
2606,CONTEXT_EXPANDED,compact-mlp-24,COMPACT_MLP,24,18,0.15081792510686018,0.8843076923076924,0.8933031499231546,0.8944551944407103,0.26205003175605096,10036
2606,CONTEXT_EXPANDED,compact-mlp-24,COMPACT_MLP,24,19,0.1491874356992165,0.8874615384615384,0.900832694499377,0.8979598871467521,0.2586344442118371,10576
2606,CONTEXT_EXPANDED,compact-mlp-24,COMPACT_MLP,24,20,0.14878645564566,0.8868461538461538,0.9038720314875296,0.8993418757573545,0.2514588914506205,11121
2606,CONTEXT_EXPANDED,compact-mlp-24,COMPACT_MLP,24,21,0.14856196743725103,0.8809230769230769,0.8990366599731083,0.8933586134760015,0.2723319409506211,11669
2606,CONTEXT_EXPANDED,compact-mlp-24,COMPACT_MLP,24,22,0.14615827418444055,0.8905384615384615,0.9054285520876322,0.9017044260355277,0.2535273692559452,12214
2606,CONTEXT_EXPANDED,compact-mlp-24,COMPACT_MLP,24,23,0.14661157486091178,0.8897692307692308,0.9047280776854872,0.9010025787227208,0.25101812398832857,12777
2606,CONTEXT_EXPANDED,compact-mlp-24,COMPACT_MLP,24,24,0.14526645912313238,0.8914615384615384,0.9061787100888742,0.9023040389305,0.24692476309540815,13323
2606,CONTEXT_EXPANDED,compact-mlp-24,COMPACT_MLP,24,25,0.14434322117049728,0.8876923076923077,0.9041326314815074,0.8994291426674407,0.25557830361782796,13867
2606,CONTEXT_EXPANDED,compact-mlp-24,COMPACT_MLP,24,26,0.1439590260686337,0.8882307692307693,0.8997513550655712,0.898604564314801,0.25409681423905456,14412
2606,CONTEXT_EXPANDED,compact-mlp-24,COMPACT_MLP,24,27,0.1440493367920797,0.8838461538461538,0.892015988456436,0.8934938118353299,0.2611650522691852,14958
2606,CONTEXT_EXPANDED,compact-mlp-24,COMPACT_MLP,24,28,0.14302540059026475,0.8873076923076924,0.9062274296811119,0.8993039241624682,0.2675234017207726,15500
2606,CONTEXT_EXPANDED,compact-mlp-24,COMPACT_MLP,24,29,0.1434278141300747,0.8901538461538462,0.9054598280032969,0.9002245286816621,0.2512868183461645,16036
2606,CONTEXT_EXPANDED,compact-mlp-24,COMPACT_MLP,24,30,0.14158217068204598,0.8893076923076924,0.9033704891067714,0.9001954632246992,0.25226950256597014,16574
2606,CONTEXT_EXPANDED,compact-mlp-24,COMPACT_MLP,24,31,0.14136533151133612,0.8876923076923077,0.8989559621649929,0.8982974334242031,0.2543383016946548,17111
2606,CONTEXT_EXPANDED,compact-mlp-24,COMPACT_MLP,24,32,0.1416947171927877,0.8894615384615384,0.9076669354617231,0.9017676641393773,0.25369256896014747,17659
2606,CONTEXT_RESEARCH_V2,compact-mlp-24,COMPACT_MLP,24,1,0.32536694162445134,0.8433076923076923,0.8743437381756648,0.8620837639974456,0.33574485857094066,828
2606,CONTEXT_RESEARCH_V2,compact-mlp-24,COMPACT_MLP,24,2,0.22096532206801148,0.8573076923076923,0.8827779938018375,0.8724847717507219,0.30690924705013967,1559
2606,CONTEXT_RESEARCH_V2,compact-mlp-24,COMPACT_MLP,24,3,0.19829761379412947,0.8607692307692307,0.8672608313482542,0.8717004121414195,0.29230593522027765,2285
2606,CONTEXT_RESEARCH_V2,compact-mlp-24,COMPACT_MLP,24,4,0.1859974336882635,0.8733076923076923,0.8844113115576188,0.8854060021499016,0.27475043651072834,2989
2606,CONTEXT_RESEARCH_V2,compact-mlp-24,COMPACT_MLP,24,5,0.17965677460697027,0.8746153846153846,0.8865294298940265,0.8866540341270072,0.2705134569489548,3696
2606,CONTEXT_RESEARCH_V2,compact-mlp-24,COMPACT_MLP,24,6,0.17471851906537503,0.8709230769230769,0.9033624318438068,0.8867184728178731,0.2921690486180335,4398
2606,CONTEXT_RESEARCH_V2,compact-mlp-24,COMPACT_MLP,24,7,0.16972136638479812,0.8769230769230769,0.8954395711608422,0.8908733056332262,0.272660577607806,5099
2606,CONTEXT_RESEARCH_V2,compact-mlp-24,COMPACT_MLP,24,8,0.16659695741408037,0.8833846153846154,0.9016690845641255,0.8965758048361828,0.2649581929900696,5797
2606,CONTEXT_RESEARCH_V2,compact-mlp-24,COMPACT_MLP,24,9,0.16450134642735884,0.883,0.8967512184681151,0.894666603108206,0.2501661070250188,6493
2606,CONTEXT_RESEARCH_V2,compact-mlp-24,COMPACT_MLP,24,10,0.16267507397959416,0.8808461538461538,0.9054210409742312,0.8955926071067015,0.272910484156482,7195
2606,CONTEXT_RESEARCH_V2,compact-mlp-24,COMPACT_MLP,24,11,0.16052161023767167,0.8856153846153846,0.9031873367027176,0.8989411561757926,0.25782587859575473,7899
2606,CONTEXT_RESEARCH_V2,compact-mlp-24,COMPACT_MLP,24,12,0.15816468096622505,0.8806153846153846,0.9029238782398236,0.8952932232398897,0.26703536278453355,8593
2606,CONTEXT_RESEARCH_V2,compact-mlp-24,COMPACT_MLP,24,13,0.1574153904051327,0.8840769230769231,0.9057513631820885,0.8973897890161687,0.25704394369917616,9293
2606,CONTEXT_RESEARCH_V2,compact-mlp-24,COMPACT_MLP,24,14,0.1564718363744864,0.8869230769230769,0.90956412686609,0.8998016490739488,0.25852626956313723,9990
2606,CONTEXT_RESEARCH_V2,compact-mlp-24,COMPACT_MLP,24,15,0.15384238694995384,0.8879230769230769,0.904753656101542,0.9001408942595449,0.24331799099065426,10685
2606,CONTEXT_RESEARCH_V2,compact-mlp-24,COMPACT_MLP,24,16,0.15391732851254158,0.8858461538461538,0.904193621014073,0.8988511694106194,0.2534327316628208,11376
2606,CONTEXT_RESEARCH_V2,compact-mlp-24,COMPACT_MLP,24,17,0.15326361156478543,0.8878461538461538,0.9047971519893266,0.9003864306813409,0.25007898255838584,12066
2606,CONTEXT_RESEARCH_V2,compact-mlp-24,COMPACT_MLP,24,18,0.1519745203942885,0.8834615384615384,0.9068140880397607,0.8971993445198246,0.25925595785873773,12749
2606,CONTEXT_RESEARCH_V2,compact-mlp-24,COMPACT_MLP,24,19,0.15173196275701942,0.8852307692307693,0.8978752210230914,0.8969576895716472,0.2635664103086592,13438
2606,CONTEXT_RESEARCH_V2,compact-mlp-24,COMPACT_MLP,24,20,0.15158728597260496,0.8905384615384615,0.9031628964084056,0.9016697351037767,0.2417246849163809,14138
2606,CONTEXT_RESEARCH_V2,compact-mlp-24,COMPACT_MLP,24,21,0.15002518224421804,0.8836153846153846,0.9092981995094224,0.8983771316553303,0.2675351070751662,14823
2606,CONTEXT_RESEARCH_V2,compact-mlp-24,COMPACT_MLP,24,22,0.14980018493259,0.886,0.8964909580810719,0.8975549292419952,0.2502261010767335,15511
2606,CONTEXT_RESEARCH_V2,compact-mlp-24,COMPACT_MLP,24,23,0.14923846733420973,0.8865384615384615,0.9031273063312745,0.898869102305394,0.2512129546639311,16194
2606,CONTEXT_RESEARCH_V2,compact-mlp-24,COMPACT_MLP,24,24,0.14796517290520453,0.8898461538461538,0.9057761625215576,0.9018030418584106,0.2445208389194056,16880
2606,CONTEXT_RESEARCH_V2,compact-mlp-24,COMPACT_MLP,24,25,0.14865911426355471,0.8846923076923077,0.9064142211046559,0.8980314277504781,0.2528926053524076,17568
2606,CONTEXT_RESEARCH_V2,compact-mlp-24,COMPACT_MLP,24,26,0.14748685799247235,0.8873846153846154,0.9047401384852813,0.8997757139112438,0.24995605155583006,18263
2606,CONTEXT_RESEARCH_V2,compact-mlp-24,COMPACT_MLP,24,27,0.14739303905251352,0.8844615384615384,0.903696550069347,0.8974648490285239,0.263220669663327,18972
2606,CONTEXT_RESEARCH_V2,compact-mlp-24,COMPACT_MLP,24,28,0.1473285008600985,0.885,0.9101052129663,0.897918342323992,0.2650474327531612,19661
2606,CONTEXT_RESEARCH_V2,compact-mlp-24,COMPACT_MLP,24,29,0.1473996964767991,0.8856153846153846,0.9027646950065294,0.8984432503688452,0.2557547933457011,20361
2606,CONTEXT_RESEARCH_V2,compact-mlp-24,COMPACT_MLP,24,30,0.14626661404414187,0.8893846153846154,0.9051536031847679,0.901525759015203,0.2521813166638464,21051
2606,CONTEXT_RESEARCH_V2,compact-mlp-24,COMPACT_MLP,24,31,0.14569372787196683,0.8878461538461538,0.908980664685532,0.9004856414927452,0.25587797938634305,21744
2606,CONTEXT_RESEARCH_V2,compact-mlp-24,COMPACT_MLP,24,32,0.14499328230321853,0.8873076923076924,0.899369736641573,0.8985964881314207,0.25075177718043345,22441
2607,BASELINE_KINEMATICS,compact-mlp-24,COMPACT_MLP,24,1,0.6740463072020473,0.6861,0.733281304249569,0.6839301335671748,0.6335437519961515,174
2607,BASELINE_KINEMATICS,compact-mlp-24,COMPACT_MLP,24,2,0.46838230871932557,0.8232,0.8400321956590897,0.8177359800426304,0.41734019414457596,314
2607,BASELINE_KINEMATICS,compact-mlp-24,COMPACT_MLP,24,3,0.3485702376134996,0.85765,0.8641247169015908,0.8507196507927633,0.33723375545875345,452
2607,BASELINE_KINEMATICS,compact-mlp-24,COMPACT_MLP,24,4,0.3111741315980439,0.86545,0.8732760187650671,0.8593912679659473,0.3242050540876262,590
2607,BASELINE_KINEMATICS,compact-mlp-24,COMPACT_MLP,24,5,0.29630001455498894,0.86725,0.8683337191024818,0.8592772501717775,0.30784478590135916,728
2607,BASELINE_KINEMATICS,compact-mlp-24,COMPACT_MLP,24,6,0.2897072955585431,0.8707,0.8732124172447326,0.8633174873766883,0.3067227217485689,867
2607,BASELINE_KINEMATICS,compact-mlp-24,COMPACT_MLP,24,7,0.28570233773542486,0.8718,0.8800627116070131,0.8654608631042726,0.30365656254893114,1004
2607,BASELINE_KINEMATICS,compact-mlp-24,COMPACT_MLP,24,8,0.28214845752897966,0.86745,0.8724325959949862,0.8601828571526048,0.31378306486167334,1142
2607,BASELINE_KINEMATICS,compact-mlp-24,COMPACT_MLP,24,9,0.27922712693667684,0.87,0.8754039324519397,0.8625271219916772,0.3066519891116346,1279
2607,BASELINE_KINEMATICS,compact-mlp-24,COMPACT_MLP,24,10,0.2755065242408052,0.87275,0.874955031950145,0.8645024568703624,0.29425157204415836,1416
2607,BASELINE_KINEMATICS,compact-mlp-24,COMPACT_MLP,24,11,0.27230110304333355,0.87555,0.8797699285859611,0.8682246250916115,0.2986868202562986,1553
2607,BASELINE_KINEMATICS,compact-mlp-24,COMPACT_MLP,24,12,0.2713757738793181,0.86985,0.8744692368214153,0.8632649976084364,0.3137584961887899,1689
2607,BASELINE_KINEMATICS,compact-mlp-24,COMPACT_MLP,24,13,0.2690587267344248,0.8691,0.8843795664876852,0.8628475213838712,0.32047799406835015,1825
2607,BASELINE_KINEMATICS,compact-mlp-24,COMPACT_MLP,24,14,0.2676928577672946,0.87135,0.870232437434888,0.863546640955931,0.30145582155090994,1962
2607,BASELINE_KINEMATICS,compact-mlp-24,COMPACT_MLP,24,15,0.26558860253228683,0.8742,0.8786374815832598,0.8668884294821738,0.2896739673066617,2099
2607,BASELINE_KINEMATICS,compact-mlp-24,COMPACT_MLP,24,16,0.2643875260912868,0.8766,0.8788178884782054,0.8687923511833491,0.27996591605828947,2237
2607,BASELINE_KINEMATICS,compact-mlp-24,COMPACT_MLP,24,17,0.2617463362801804,0.87695,0.8775687734491963,0.8687349145992775,0.2775827689695791,2374
2607,BASELINE_KINEMATICS,compact-mlp-24,COMPACT_MLP,24,18,0.26021043064731436,0.87355,0.8736088331363718,0.8659994044597324,0.290534929870984,2511
2607,BASELINE_KINEMATICS,compact-mlp-24,COMPACT_MLP,24,19,0.25915452075538725,0.87215,0.8740608797215331,0.8648702372841813,0.2874289439115448,2646
2607,BASELINE_KINEMATICS,compact-mlp-24,COMPACT_MLP,24,20,0.25747458398965567,0.8713,0.8723100569383776,0.8633408267775265,0.29493505016220406,2781
2607,BASELINE_KINEMATICS,compact-mlp-24,COMPACT_MLP,24,21,0.25698188890413975,0.8584,0.8670717999980654,0.8529983979021633,0.32472764031322754,2916
2607,BASELINE_KINEMATICS,compact-mlp-24,COMPACT_MLP,24,22,0.2561966072500271,0.8621,0.8688511115911624,0.8555661178024115,0.31258205440962444,3053
2607,BASELINE_KINEMATICS,compact-mlp-24,COMPACT_MLP,24,23,0.2557310082106007,0.8606,0.8713974634847143,0.8556951572325411,0.3296230892043474,3191
2607,BASELINE_KINEMATICS,compact-mlp-24,COMPACT_MLP,24,24,0.2541234317489325,0.87285,0.8808653049402017,0.8671042136045397,0.2989302117968307,3328
2607,CONTEXT_ENHANCED,compact-mlp-24,COMPACT_MLP,24,1,0.44871120819611815,0.8644,0.8887446911233496,0.8568662054023385,0.29766914576170006,219
2607,CONTEXT_ENHANCED,compact-mlp-24,COMPACT_MLP,24,2,0.2902080015368867,0.8795,0.8909106465747016,0.8710639644187387,0.25145814626534924,395
2607,CONTEXT_ENHANCED,compact-mlp-24,COMPACT_MLP,24,3,0.2564515452906612,0.8791,0.8989356782565974,0.8735271964632331,0.2683601916157268,566
2607,CONTEXT_ENHANCED,compact-mlp-24,COMPACT_MLP,24,4,0.23858822917880732,0.8921,0.9056301301197079,0.8853956393600173,0.23049225452367306,736
2607,CONTEXT_ENHANCED,compact-mlp-24,COMPACT_MLP,24,5,0.2283829608921953,0.8911,0.8987972484895806,0.8849963771757733,0.24402140583208184,908
2607,CONTEXT_ENHANCED,compact-mlp-24,COMPACT_MLP,24,6,0.2232123701824589,0.8928,0.8943946327101974,0.8858419377477169,0.23242194470507174,1078
2607,CONTEXT_ENHANCED,compact-mlp-24,COMPACT_MLP,24,7,0.21902174768362961,0.8947,0.899034486296057,0.8879262924367327,0.23574567757852516,1249
2607,CONTEXT_ENHANCED,compact-mlp-24,COMPACT_MLP,24,8,0.21698959770722423,0.89535,0.9033621280465467,0.8893776397779553,0.2376829504098448,1419
2607,CONTEXT_ENHANCED,compact-mlp-24,COMPACT_MLP,24,9,0.2134940839141135,0.9019,0.9104463773371259,0.8951110203246321,0.21693668035808406,1593
2607,CONTEXT_ENHANCED,compact-mlp-24,COMPACT_MLP,24,10,0.21176661929363533,0.89715,0.9011458371190907,0.8903549515767191,0.22685826157099567,1764
2607,CONTEXT_ENHANCED,compact-mlp-24,COMPACT_MLP,24,11,0.20940699642912483,0.9011,0.9036895704239208,0.8941333513748413,0.21322829419750816,1937
2607,CONTEXT_ENHANCED,compact-mlp-24,COMPACT_MLP,24,12,0.20844218516858792,0.90385,0.9126521566613034,0.8973157260777885,0.2090278654605445,2107
2607,CONTEXT_ENHANCED,compact-mlp-24,COMPACT_MLP,24,13,0.20584349334558338,0.90625,0.915854237363508,0.8995338985949566,0.2054792824677999,2279
2607,CONTEXT_ENHANCED,compact-mlp-24,COMPACT_MLP,24,14,0.20286110250526784,0.9025,0.9096479534453278,0.8963826952936452,0.2184750381806723,2452
2607,CONTEXT_ENHANCED,compact-mlp-24,COMPACT_MLP,24,15,0.2021540673888622,0.9103,0.918735284609076,0.9031238120076953,0.19309498413274329,2623
2607,CONTEXT_ENHANCED,compact-mlp-24,COMPACT_MLP,24,16,0.20050098783285544,0.90865,0.9145782191102407,0.9017435162455368,0.20232117149932716,2796
2607,CONTEXT_ENHANCED,compact-mlp-24,COMPACT_MLP,24,17,0.19842274929193301,0.9113,0.9171244353324068,0.9040486106165296,0.19367649308763477,2967
2607,CONTEXT_ENHANCED,compact-mlp-24,COMPACT_MLP,24,18,0.1977398232711702,0.91365,0.9189450231567607,0.9062595492628712,0.1883099299342258,3142
2607,CONTEXT_ENHANCED,compact-mlp-24,COMPACT_MLP,24,19,0.19747204962492979,0.91355,0.9234766958035183,0.9064924856130326,0.19226818377336408,3312
2607,CONTEXT_ENHANCED,compact-mlp-24,COMPACT_MLP,24,20,0.19544359832497155,0.915,0.9271406573894173,0.9075825063838524,0.1863235249900304,3483
2607,CONTEXT_ENHANCED,compact-mlp-24,COMPACT_MLP,24,21,0.19493916743446013,0.91375,0.9209404723924203,0.9068082388458806,0.1937214166937089,3653
2607,CONTEXT_ENHANCED,compact-mlp-24,COMPACT_MLP,24,22,0.1940654374055794,0.91365,0.9237674588021982,0.9066975458044612,0.18871419659816657,3823
2607,CONTEXT_ENHANCED,compact-mlp-24,COMPACT_MLP,24,23,0.19299989663747805,0.91495,0.9249472056769008,0.9076596532968466,0.18744479930039004,3992
2607,CONTEXT_ENHANCED,compact-mlp-24,COMPACT_MLP,24,24,0.193309587478153,0.91425,0.9196946354629221,0.9071313234313146,0.19548979949869796,4162
2607,CONTEXT_ENHANCED,compact-mlp-24,COMPACT_MLP,24,25,0.19271647576994125,0.9147,0.9267689325775393,0.9073158975821745,0.18359880060561565,4333
2607,CONTEXT_ENHANCED,compact-mlp-24,COMPACT_MLP,24,26,0.190391673909571,0.9112,0.9211659557806197,0.90468944879952,0.19330156599459183,4503
2607,CONTEXT_ENHANCED,compact-mlp-24,COMPACT_MLP,24,27,0.19003024100690954,0.9174,0.9247772093591807,0.9098953951627918,0.18156377475171728,4674
2607,CONTEXT_ENHANCED,compact-mlp-24,COMPACT_MLP,24,28,0.1887324666102503,0.92055,0.9197757752595296,0.9115007031241392,0.17312795806125084,4847
2607,CONTEXT_ENHANCED,compact-mlp-24,COMPACT_MLP,24,29,0.18844754607949474,0.9207,0.9233642096639584,0.912003726100095,0.17232914468852392,5015
2607,CONTEXT_ENHANCED,compact-mlp-24,COMPACT_MLP,24,30,0.18825652421628172,0.9202,0.91437108668948,0.9101008415978195,0.17135731731097173,5184
2607,CONTEXT_ENHANCED,compact-mlp-24,COMPACT_MLP,24,31,0.1877274273370632,0.92215,0.9261339530131735,0.9134433059340473,0.1703539662966614,5354
2607,CONTEXT_ENHANCED,compact-mlp-24,COMPACT_MLP,24,32,0.18597929635707666,0.9192,0.9177467740961269,0.9099791940674885,0.17385562607901528,5526
2607,CONTEXT_ENHANCED,compact-mlp-24,COMPACT_MLP,24,33,0.18627739883630456,0.9178,0.9142941936642673,0.9085138458559033,0.1776616743145142,5701
2607,CONTEXT_ENHANCED,compact-mlp-24,COMPACT_MLP,24,34,0.18719276248507466,0.92075,0.9227472646118932,0.9119847537902475,0.17201283300786582,5870
2607,CONTEXT_ENHANCED,compact-mlp-24,COMPACT_MLP,24,35,0.1855241279770034,0.91935,0.9165478435220135,0.9100218996572859,0.17351559666550412,6038
2607,CONTEXT_ENHANCED,compact-mlp-24,COMPACT_MLP,24,36,0.18476877640169792,0.91825,0.9197282057381143,0.909114082583003,0.173535001444456,6208
2607,CONTEXT_ENHANCED,compact-mlp-24,COMPACT_MLP,24,37,0.18399835289572503,0.91685,0.9184689729074095,0.9087022275878267,0.18044962466074763,6378
2607,CONTEXT_ENHANCED,compact-mlp-24,COMPACT_MLP,24,38,0.1845428720004227,0.9193,0.9250120869920982,0.9108042065340692,0.17411705456850424,6550
2607,CONTEXT_ENHANCED,compact-mlp-24,COMPACT_MLP,24,39,0.18401216386432107,0.91715,0.9146640039735265,0.9079788975354796,0.17753658243581916,6723
2607,CONTEXT_EXPANDED,compact-mlp-24,COMPACT_MLP,24,1,0.36075424517994703,0.89625,0.906212825986159,0.8854239093409014,0.2224488203429499,649
2607,CONTEXT_EXPANDED,compact-mlp-24,COMPACT_MLP,24,2,0.25192680702048725,0.90615,0.914363187022055,0.8965505534007786,0.1962677917385385,1162
2607,CONTEXT_EXPANDED,compact-mlp-24,COMPACT_MLP,24,3,0.22316859507483947,0.9143,0.9224488112042555,0.9051599526191687,0.17748851359965115,1670
2607,CONTEXT_EXPANDED,compact-mlp-24,COMPACT_MLP,24,4,0.20728026976873137,0.91585,0.924788969767231,0.9071342498338341,0.17291071547328835,2184
2607,CONTEXT_EXPANDED,compact-mlp-24,COMPACT_MLP,24,5,0.19722304812627783,0.9199,0.9278041369979751,0.9111632975449808,0.16934722737938304,2697
2607,CONTEXT_EXPANDED,compact-mlp-24,COMPACT_MLP,24,6,0.18913168824378965,0.92505,0.931766964140544,0.9161970655702326,0.16081988230525546,3207
2607,CONTEXT_EXPANDED,compact-mlp-24,COMPACT_MLP,24,7,0.18575292620709788,0.92345,0.9328651971728967,0.9149632870294874,0.16684787372155224,3715
2607,CONTEXT_EXPANDED,compact-mlp-24,COMPACT_MLP,24,8,0.18221359471720483,0.92295,0.9333394635273821,0.9140309422949976,0.16680531378034974,4219
2607,CONTEXT_EXPANDED,compact-mlp-24,COMPACT_MLP,24,9,0.17668060909360955,0.92225,0.9318888515503393,0.9145635803071852,0.1714790498954623,4730
2607,CONTEXT_EXPANDED,compact-mlp-24,COMPACT_MLP,24,10,0.17460623385094495,0.9261,0.9331736355276271,0.9183401772946489,0.1628627345011613,5236
2607,CONTEXT_EXPANDED,compact-mlp-24,COMPACT_MLP,24,11,0.171892172458591,0.92885,0.9339783817377909,0.9206369023090568,0.15794276375743593,5743
2607,CONTEXT_EXPANDED,compact-mlp-24,COMPACT_MLP,24,12,0.17002878575417804,0.92695,0.9332669608089258,0.918581852391605,0.1584562624058857,6251
2607,CONTEXT_EXPANDED,compact-mlp-24,COMPACT_MLP,24,13,0.16731820537149783,0.9292,0.934337454799739,0.92083635829419,0.1543493807333303,6764
2607,CONTEXT_EXPANDED,compact-mlp-24,COMPACT_MLP,24,14,0.1657958254835847,0.9277,0.9352188709228993,0.9198580607738869,0.16177517949186399,7270
2607,CONTEXT_EXPANDED,compact-mlp-24,COMPACT_MLP,24,15,0.16450650639464343,0.9319,0.936663138491204,0.923692159862645,0.15471246841823869,7774
2607,CONTEXT_EXPANDED,compact-mlp-24,COMPACT_MLP,24,16,0.1631042976735639,0.9297,0.9345102059310593,0.9212801698669574,0.15723235800828558,8283
2607,CONTEXT_EXPANDED,compact-mlp-24,COMPACT_MLP,24,17,0.16268714895112,0.93155,0.9345781247245611,0.9230720593878937,0.15342772554748216,8787
2607,CONTEXT_EXPANDED,compact-mlp-24,COMPACT_MLP,24,18,0.1607594156697009,0.9313,0.9319298287313266,0.9230527900900913,0.15495652030118123,9300
2607,CONTEXT_EXPANDED,compact-mlp-24,COMPACT_MLP,24,19,0.1595710756655352,0.9298,0.9337305443172733,0.9216266225856892,0.15550010602514935,9806
2607,CONTEXT_EXPANDED,compact-mlp-24,COMPACT_MLP,24,20,0.15957994058877287,0.92975,0.9385450150379904,0.9217783382486883,0.1583112703483457,10309
2607,CONTEXT_EXPANDED,compact-mlp-24,COMPACT_MLP,24,21,0.15761427308941894,0.92745,0.9338488803229019,0.9188543149781224,0.1607912705419102,10819
2607,CONTEXT_EXPANDED,compact-mlp-24,COMPACT_MLP,24,22,0.15805380986175055,0.9331,0.9364742594862262,0.9242754619692636,0.1511059364105372,11324
2607,CONTEXT_EXPANDED,compact-mlp-24,COMPACT_MLP,24,23,0.15739586807121783,0.93055,0.9322875359495324,0.9219438448842086,0.15717002853999087,11828
2607,CONTEXT_EXPANDED,compact-mlp-24,COMPACT_MLP,24,24,0.15586910024841757,0.9287,0.9354421560203505,0.9202861160817853,0.161548900332871,12332
2607,CONTEXT_EXPANDED,compact-mlp-24,COMPACT_MLP,24,25,0.15505162949203136,0.9286,0.9326396350463013,0.9203763577065218,0.16054407902832757,12843
2607,CONTEXT_EXPANDED,compact-mlp-24,COMPACT_MLP,24,26,0.15496549388011988,0.9316,0.9351357559477597,0.9231022380172811,0.15445683964728663,13356
2607,CONTEXT_EXPANDED,compact-mlp-24,COMPACT_MLP,24,27,0.15484161500468357,0.9295,0.9348320345698712,0.9213889251003549,0.15891094773342657,13871
2607,CONTEXT_EXPANDED,compact-mlp-24,COMPACT_MLP,24,28,0.1549919356452808,0.92455,0.9352981822657673,0.9171739882284954,0.17814600021206178,14386
2607,CONTEXT_EXPANDED,compact-mlp-24,COMPACT_MLP,24,29,0.15327288996807545,0.9303,0.9325763184375213,0.9217952046929844,0.1548157450257142,14903
2607,CONTEXT_EXPANDED,compact-mlp-24,COMPACT_MLP,24,30,0.1523666607671182,0.92855,0.9290590544297145,0.9199477546572252,0.1602287990094409,15506
2607,CONTEXT_RESEARCH_V2,compact-mlp-24,COMPACT_MLP,24,1,0.33959564173625717,0.8974,0.89756481288113,0.8854160238246006,0.20991261578747386,844
2607,CONTEXT_RESEARCH_V2,compact-mlp-24,COMPACT_MLP,24,2,0.2434258730836025,0.90295,0.9181861219283501,0.894143012442525,0.19870070214038504,1512
2607,CONTEXT_RESEARCH_V2,compact-mlp-24,COMPACT_MLP,24,3,0.21750207991188278,0.90825,0.9231497440286062,0.8994314574958536,0.18878832704537243,2180
2607,CONTEXT_RESEARCH_V2,compact-mlp-24,COMPACT_MLP,24,4,0.20277064421009214,0.9177,0.9291485764513895,0.9089764477015208,0.17344737439802838,2855
2607,CONTEXT_RESEARCH_V2,compact-mlp-24,COMPACT_MLP,24,5,0.1956160229983595,0.91995,0.9264351777076589,0.9104799897146546,0.16731718880018503,3517
2607,CONTEXT_RESEARCH_V2,compact-mlp-24,COMPACT_MLP,24,6,0.18793989019896534,0.92475,0.9284256413528057,0.9156305134298245,0.16126164578009894,4182
2607,CONTEXT_RESEARCH_V2,compact-mlp-24,COMPACT_MLP,24,7,0.1828090836381883,0.92245,0.9293779246135844,0.9144066555755622,0.16468243539746383,4845
2607,CONTEXT_RESEARCH_V2,compact-mlp-24,COMPACT_MLP,24,8,0.17945943123338998,0.92625,0.9316575781170854,0.91740579635981,0.1602869930013297,5506
2607,CONTEXT_RESEARCH_V2,compact-mlp-24,COMPACT_MLP,24,9,0.17691613059467576,0.92475,0.9319285382557053,0.9161030190336971,0.16199863881700274,6163
2607,CONTEXT_RESEARCH_V2,compact-mlp-24,COMPACT_MLP,24,10,0.1734168659898169,0.9261,0.9365651577474354,0.9179507446369345,0.165038288968449,6818
2607,CONTEXT_RESEARCH_V2,compact-mlp-24,COMPACT_MLP,24,11,0.1726749710457054,0.92845,0.9340438952289277,0.9196364490839022,0.1569480420703946,7465
2607,CONTEXT_RESEARCH_V2,compact-mlp-24,COMPACT_MLP,24,12,0.1698284355523581,0.929,0.931943901937279,0.9203153100502283,0.154020071732677,8128
2607,CONTEXT_RESEARCH_V2,compact-mlp-24,COMPACT_MLP,24,13,0.16748079865785914,0.92655,0.930004292938575,0.9183544337099444,0.1609895212405479,8777
2607,CONTEXT_RESEARCH_V2,compact-mlp-24,COMPACT_MLP,24,14,0.167121394947575,0.92775,0.9350512672649023,0.9195325456313811,0.1598588389639576,9430
2607,CONTEXT_RESEARCH_V2,compact-mlp-24,COMPACT_MLP,24,15,0.1644632518422019,0.925,0.9330700314002812,0.9170858860532906,0.16580521943488247,10088
2607,CONTEXT_RESEARCH_V2,compact-mlp-24,COMPACT_MLP,24,16,0.16409638544328195,0.9293,0.9297199112408164,0.9203890825825103,0.15264859951963505,10736
2607,CONTEXT_RESEARCH_V2,compact-mlp-24,COMPACT_MLP,24,17,0.1625181449803966,0.9305,0.9327501668865951,0.921748813342225,0.15306480702835903,11397
2607,CONTEXT_RESEARCH_V2,compact-mlp-24,COMPACT_MLP,24,18,0.1626134339670774,0.9274,0.93786329502894,0.9194941945886771,0.1638686343297602,12054
2607,CONTEXT_RESEARCH_V2,compact-mlp-24,COMPACT_MLP,24,19,0.16073972524120816,0.93125,0.9377195015046164,0.9231620615609984,0.15473816028024767,12719
2607,CONTEXT_RESEARCH_V2,compact-mlp-24,COMPACT_MLP,24,20,0.16009261360808827,0.92925,0.9336401637248496,0.921001511721879,0.15910965236428004,13378
2607,CONTEXT_RESEARCH_V2,compact-mlp-24,COMPACT_MLP,24,21,0.15959118978946776,0.93155,0.9347162867163656,0.9226792658834816,0.15187647872322568,14038
2607,CONTEXT_RESEARCH_V2,compact-mlp-24,COMPACT_MLP,24,22,0.15898432372588284,0.9319,0.9345594885606019,0.9232498485081052,0.15304750551849783,14697
2607,CONTEXT_RESEARCH_V2,compact-mlp-24,COMPACT_MLP,24,23,0.15761446470180113,0.9317,0.9362924669916978,0.9232404281563431,0.15342332875780026,15360
2607,CONTEXT_RESEARCH_V2,compact-mlp-24,COMPACT_MLP,24,24,0.1575434179326316,0.9304,0.9356209378179319,0.9221842260950464,0.1580127112333596,16011
2607,CONTEXT_RESEARCH_V2,compact-mlp-24,COMPACT_MLP,24,25,0.15692732524057312,0.93255,0.9386569347247168,0.9241566330452113,0.15627107718797356,16669
2607,CONTEXT_RESEARCH_V2,compact-mlp-24,COMPACT_MLP,24,26,0.1572905957988248,0.93315,0.9355805679057284,0.9243723663286003,0.1508205031136575,17329
2607,CONTEXT_RESEARCH_V2,compact-mlp-24,COMPACT_MLP,24,27,0.15601122657627617,0.9329,0.9381587735960704,0.9248917006306329,0.154426062672203,17990
2607,CONTEXT_RESEARCH_V2,compact-mlp-24,COMPACT_MLP,24,28,0.15458756091049072,0.9331,0.9335892568364015,0.9241341346388071,0.14873858236799695,18649
2607,CONTEXT_RESEARCH_V2,compact-mlp-24,COMPACT_MLP,24,29,0.15466693331714207,0.93075,0.9390206032308365,0.9225223288659953,0.16406663437834643,19307
2607,CONTEXT_RESEARCH_V2,compact-mlp-24,COMPACT_MLP,24,30,0.15358971927480985,0.9313,0.9369550428130186,0.9231288791825868,0.15470903435779237,19963
2607,CONTEXT_RESEARCH_V2,compact-mlp-24,COMPACT_MLP,24,31,0.15316149923846117,0.93295,0.9381053110416637,0.9246283211858546,0.15336297190582587,20627
2607,CONTEXT_RESEARCH_V2,compact-mlp-24,COMPACT_MLP,24,32,0.15340732071836632,0.9328,0.941209155116753,0.924742662354527,0.15623386005276385,21280
2607,CONTEXT_RESEARCH_V2,compact-mlp-24,COMPACT_MLP,24,33,0.1540958073904449,0.93175,0.938882969018643,0.9235333525108703,0.1560196483742284,21928
2607,CONTEXT_RESEARCH_V2,compact-mlp-24,COMPACT_MLP,24,34,0.15237418128110636,0.9334,0.9381867775083571,0.9247583370071458,0.15144261764806885,22574
2607,CONTEXT_RESEARCH_V2,compact-mlp-24,COMPACT_MLP,24,35,0.15324840891195,0.9342,0.9353675788783488,0.9253471610398131,0.14875209936586795,23244
2607,CONTEXT_RESEARCH_V2,compact-mlp-24,COMPACT_MLP,24,36,0.15124927786701947,0.92875,0.9399658417396971,0.9207499681517449,0.16496473532287204,23898
2607,CONTEXT_RESEARCH_V2,compact-mlp-24,COMPACT_MLP,24,37,0.15112332628318648,0.93345,0.9400173965320352,0.9250950800008809,0.15241687711168037,24548
2607,CONTEXT_RESEARCH_V2,compact-mlp-24,COMPACT_MLP,24,38,0.15095860934229532,0.9321,0.9388184197056901,0.9238021467350525,0.15490561690478052,25199
2607,CONTEXT_RESEARCH_V2,compact-mlp-24,COMPACT_MLP,24,39,0.1513017434268794,0.9355,0.9380794171243959,0.9268310339188642,0.1498918432936234,25859
2607,CONTEXT_RESEARCH_V2,compact-mlp-24,COMPACT_MLP,24,40,0.1509173085182995,0.93235,0.9391150119761393,0.9240462459434143,0.15619363531046784,26518
2608,BASELINE_KINEMATICS,compact-mlp-24,COMPACT_MLP,24,1,0.6336525846069829,0.6264615384615385,0.6365527788245644,0.6253106881090252,0.7174662631928916,170
2608,BASELINE_KINEMATICS,compact-mlp-24,COMPACT_MLP,24,2,0.4247136382394564,0.7636923076923077,0.7473418032539355,0.7538702752658506,0.5334146319031304,315
2608,BASELINE_KINEMATICS,compact-mlp-24,COMPACT_MLP,24,3,0.3119518694012538,0.7908461538461539,0.7805321702270603,0.7825229345795517,0.4765050687930562,459
2608,BASELINE_KINEMATICS,compact-mlp-24,COMPACT_MLP,24,4,0.2822825581294358,0.7852307692307692,0.7824167144848199,0.7769008062105908,0.48439567198621614,603
2608,BASELINE_KINEMATICS,compact-mlp-24,COMPACT_MLP,24,5,0.2727632718543967,0.7848461538461539,0.7782624978630714,0.7753779727767585,0.4803424750633846,745
2608,BASELINE_KINEMATICS,compact-mlp-24,COMPACT_MLP,24,6,0.2687988056409389,0.7947692307692308,0.7875284518018412,0.7883197472412203,0.4636854034754536,890
2608,BASELINE_KINEMATICS,compact-mlp-24,COMPACT_MLP,24,7,0.26458818344891655,0.8037692307692308,0.7999730365797862,0.7985457546224991,0.44405095578680204,1033
2608,BASELINE_KINEMATICS,compact-mlp-24,COMPACT_MLP,24,8,0.26080422619921745,0.8073846153846154,0.802156016665671,0.8020921033472342,0.4387484562224568,1177
2608,BASELINE_KINEMATICS,compact-mlp-24,COMPACT_MLP,24,9,0.25893240325902517,0.821,0.8252453510858316,0.8183075608693366,0.41595633344286176,1320
2608,BASELINE_KINEMATICS,compact-mlp-24,COMPACT_MLP,24,10,0.2561123880628031,0.8148461538461539,0.8064414970993347,0.8091370002309075,0.41552933872180897,1462
2608,BASELINE_KINEMATICS,compact-mlp-24,COMPACT_MLP,24,11,0.2556090696304611,0.8083846153846154,0.8081153292536372,0.8038710986657055,0.4423011123445728,1604
2608,BASELINE_KINEMATICS,compact-mlp-24,COMPACT_MLP,24,12,0.25332291396327017,0.8036153846153846,0.7959251012809233,0.7975554550437591,0.4444093594958667,1746
2608,BASELINE_KINEMATICS,compact-mlp-24,COMPACT_MLP,24,13,0.25160123724033834,0.8313076923076923,0.8401562656928655,0.829540377502591,0.3885571469183748,1888
2608,BASELINE_KINEMATICS,compact-mlp-24,COMPACT_MLP,24,14,0.24986779825635774,0.8275384615384616,0.8366551423822188,0.8257987848607232,0.39237080115477946,2030
2608,BASELINE_KINEMATICS,compact-mlp-24,COMPACT_MLP,24,15,0.24955526393369826,0.812923076923077,0.8084825814999892,0.8082505085291243,0.41689113637869635,2172
2608,BASELINE_KINEMATICS,compact-mlp-24,COMPACT_MLP,24,16,0.2473416750680701,0.8157692307692308,0.8211342159882743,0.8131765720751852,0.41719755962115884,2316
2608,BASELINE_KINEMATICS,compact-mlp-24,COMPACT_MLP,24,17,0.24598090554909519,0.8165384615384615,0.8200973195086414,0.8134342337764732,0.4139929379202459,2460
2608,BASELINE_KINEMATICS,compact-mlp-24,COMPACT_MLP,24,18,0.2445508209208415,0.801923076923077,0.8017954396304853,0.7972476072435263,0.44486274204178844,2603
2608,BASELINE_KINEMATICS,compact-mlp-24,COMPACT_MLP,24,19,0.24424146553518722,0.827,0.830747472728111,0.8241110264366664,0.3943870438240812,2747
2608,BASELINE_KINEMATICS,compact-mlp-24,COMPACT_MLP,24,20,0.24196117464234213,0.8342307692307692,0.8371610332562179,0.8311848099337018,0.3690512991318549,2891
2608,BASELINE_KINEMATICS,compact-mlp-24,COMPACT_MLP,24,21,0.24160142462462586,0.817,0.8147960057003019,0.8129203517786788,0.40707126051673687,3034
2608,BASELINE_KINEMATICS,compact-mlp-24,COMPACT_MLP,24,22,0.24058499166492942,0.8232307692307692,0.8273973505424758,0.8204727961389097,0.40304699947016764,3178
2608,BASELINE_KINEMATICS,compact-mlp-24,COMPACT_MLP,24,23,0.23916169760995024,0.8263076923076923,0.8266763879111979,0.8231548669279293,0.38797944159383496,3322
2608,BASELINE_KINEMATICS,compact-mlp-24,COMPACT_MLP,24,24,0.23822378535911787,0.8158461538461539,0.8106711451117071,0.8108380778641028,0.4148159038835049,3462
2608,BASELINE_KINEMATICS,compact-mlp-24,COMPACT_MLP,24,25,0.23713858273159913,0.820923076923077,0.8233938312029725,0.8179968639895921,0.3955306569277178,3603
2608,BASELINE_KINEMATICS,compact-mlp-24,COMPACT_MLP,24,26,0.23677020153086342,0.8193076923076923,0.8159649587966924,0.8152159769814459,0.3994917699545962,3747
2608,BASELINE_KINEMATICS,compact-mlp-24,COMPACT_MLP,24,27,0.23566011604114437,0.8328461538461538,0.8430853470327816,0.8315191702689914,0.3830799977902704,3892
2608,BASELINE_KINEMATICS,compact-mlp-24,COMPACT_MLP,24,28,0.2348274745406962,0.8186153846153846,0.8173071379717048,0.8148309621959577,0.41202159821387135,4036
2608,BASELINE_KINEMATICS,compact-mlp-24,COMPACT_MLP,24,29,0.23503361043155233,0.8253076923076923,0.8300563793339993,0.8226753248297554,0.39698113001832097,4177
2608,BASELINE_KINEMATICS,compact-mlp-24,COMPACT_MLP,24,30,0.23364002268080647,0.8285384615384616,0.8327648944067031,0.8262379521865197,0.38174972790667927,4320
2608,BASELINE_KINEMATICS,compact-mlp-24,COMPACT_MLP,24,31,0.23268800410198268,0.8404615384615385,0.8484701561682195,0.8387054597762176,0.36175885658132173,4460
2608,BASELINE_KINEMATICS,compact-mlp-24,COMPACT_MLP,24,32,0.23342978006938842,0.8165384615384615,0.8148810971971735,0.812665832380716,0.40875411550322965,4600
2608,BASELINE_KINEMATICS,compact-mlp-24,COMPACT_MLP,24,33,0.23243223171987343,0.8208461538461539,0.8180126739005636,0.8167947312590766,0.3867105795527607,4743
2608,BASELINE_KINEMATICS,compact-mlp-24,COMPACT_MLP,24,34,0.23195417819623715,0.824,0.8217238753382275,0.8203234218307637,0.38874893094895324,4882
2608,BASELINE_KINEMATICS,compact-mlp-24,COMPACT_MLP,24,35,0.2313015794048052,0.8363076923076923,0.8438133562628983,0.8345107531386162,0.367644481377566,5022
2608,BASELINE_KINEMATICS,compact-mlp-24,COMPACT_MLP,24,36,0.23169900159062495,0.8274615384615385,0.836296312983145,0.8255472246554242,0.38193554923671474,5161
2608,BASELINE_KINEMATICS,compact-mlp-24,COMPACT_MLP,24,37,0.2306539174471048,0.8138461538461539,0.8126203880295448,0.8096657845946552,0.41194931317388844,5301
2608,BASELINE_KINEMATICS,compact-mlp-24,COMPACT_MLP,24,38,0.2299213784925388,0.8047692307692308,0.7948122463163508,0.7978743392655714,0.4295188472217406,5440
2608,BASELINE_KINEMATICS,compact-mlp-24,COMPACT_MLP,24,39,0.2295323515808171,0.8306153846153846,0.8360725810181101,0.8283480918289333,0.3717133347854099,5580
2608,CONTEXT_ENHANCED,compact-mlp-24,COMPACT_MLP,24,1,0.4495747684390377,0.819923076923077,0.8454211227875285,0.821147931678457,0.43532293295315544,215
2608,CONTEXT_ENHANCED,compact-mlp-24,COMPACT_MLP,24,2,0.27995542348053437,0.8317692307692308,0.8532655575553026,0.8322963858531879,0.3727187799935561,396
2608,CONTEXT_ENHANCED,compact-mlp-24,COMPACT_MLP,24,3,0.2469311924582625,0.8331538461538461,0.844381797360524,0.8318382203027487,0.35094188243950375,574
2608,CONTEXT_ENHANCED,compact-mlp-24,COMPACT_MLP,24,4,0.22961224535433594,0.8436153846153847,0.8553056058420071,0.8424151482401552,0.3450882783729263,750
2608,CONTEXT_ENHANCED,compact-mlp-24,COMPACT_MLP,24,5,0.2165580486790437,0.8496923076923077,0.8654103462823922,0.8488635364235354,0.322789088217473,927
2608,CONTEXT_ENHANCED,compact-mlp-24,COMPACT_MLP,24,6,0.20900314536788098,0.8483846153846154,0.8601415036721858,0.8469562160130067,0.3363677123963278,1104
2608,CONTEXT_ENHANCED,compact-mlp-24,COMPACT_MLP,24,7,0.20546819059293184,0.8437692307692307,0.8535063545769552,0.8416395408857644,0.34058201020929546,1280
2608,CONTEXT_ENHANCED,compact-mlp-24,COMPACT_MLP,24,8,0.20173307021651524,0.8596923076923076,0.8809921840627561,0.8591004174751681,0.3154139572396725,1456
2608,CONTEXT_ENHANCED,compact-mlp-24,COMPACT_MLP,24,9,0.19995369413029043,0.8562307692307692,0.8686571619072158,0.8546193249436534,0.31183399381597615,1634
2608,CONTEXT_ENHANCED,compact-mlp-24,COMPACT_MLP,24,10,0.19673942061531915,0.8527692307692307,0.8623221806775944,0.8503910880276194,0.3183888506435229,1810
2608,CONTEXT_ENHANCED,compact-mlp-24,COMPACT_MLP,24,11,0.19467698325243593,0.8568461538461538,0.8610395797350766,0.8541265640955831,0.31598136174229957,1987
2608,CONTEXT_ENHANCED,compact-mlp-24,COMPACT_MLP,24,12,0.19301210783211606,0.8579230769230769,0.8653689481796217,0.8556067067228681,0.313128893154247,2167
2608,CONTEXT_ENHANCED,compact-mlp-24,COMPACT_MLP,24,13,0.1918272315864994,0.8605384615384616,0.8796191390060369,0.8596779569213354,0.30702749525622125,2342
2608,CONTEXT_ENHANCED,compact-mlp-24,COMPACT_MLP,24,14,0.18945808538467568,0.866,0.8750994026787656,0.8636147358610414,0.29291245022664864,2517
2608,CONTEXT_ENHANCED,compact-mlp-24,COMPACT_MLP,24,15,0.18718084480601757,0.8663076923076923,0.8881663737145087,0.8655844912599457,0.30047255784731985,2697
2608,CONTEXT_ENHANCED,compact-mlp-24,COMPACT_MLP,24,16,0.18676643675238727,0.8704615384615385,0.8910584947104704,0.8691385937488764,0.29820484428753397,2875
2608,CONTEXT_ENHANCED,compact-mlp-24,COMPACT_MLP,24,17,0.18580603333778775,0.8653076923076923,0.8810978937833767,0.8642756501873127,0.30119035502509,3050
2608,CONTEXT_ENHANCED,compact-mlp-24,COMPACT_MLP,24,18,0.18415490949045937,0.8715384615384615,0.8856912501538149,0.8694582554125082,0.2808909880929762,3225
2608,CONTEXT_ENHANCED,compact-mlp-24,COMPACT_MLP,24,19,0.18289493810466306,0.8703076923076923,0.8802888603579584,0.8679480371787381,0.28316318373244337,3399
2608,CONTEXT_ENHANCED,compact-mlp-24,COMPACT_MLP,24,20,0.1826493816038819,0.8731538461538462,0.8886004518609494,0.8715208304894455,0.28619322274365233,3572
2608,CONTEXT_ENHANCED,compact-mlp-24,COMPACT_MLP,24,21,0.18087556888159909,0.8755384615384615,0.8954793378616189,0.8743303548478063,0.2866162779068841,3745
2608,CONTEXT_ENHANCED,compact-mlp-24,COMPACT_MLP,24,22,0.18057850787932284,0.8750769230769231,0.8870531312806275,0.8731303960575479,0.28435901667459584,3921
2608,CONTEXT_ENHANCED,compact-mlp-24,COMPACT_MLP,24,23,0.1798236528972982,0.8770769230769231,0.8914860651937193,0.8755785845292136,0.28105395823747803,4094
2608,CONTEXT_ENHANCED,compact-mlp-24,COMPACT_MLP,24,24,0.1791539992960355,0.8783846153846154,0.895130576599005,0.8766773494312979,0.27542374107362133,4269
2608,CONTEXT_ENHANCED,compact-mlp-24,COMPACT_MLP,24,25,0.17925230784345902,0.8781538461538462,0.8896556846040311,0.8757180813340759,0.27361367607846987,4442
2608,CONTEXT_ENHANCED,compact-mlp-24,COMPACT_MLP,24,26,0.1783629134938318,0.8722307692307693,0.8805170585081225,0.8698139202600448,0.2830125576908572,4615
2608,CONTEXT_ENHANCED,compact-mlp-24,COMPACT_MLP,24,27,0.17840668537383464,0.8760769230769231,0.8903432386450506,0.8739711714275663,0.2780665991856071,4788
2608,CONTEXT_ENHANCED,compact-mlp-24,COMPACT_MLP,24,28,0.1767994546822878,0.8793076923076923,0.8948128193534052,0.8775690363096137,0.27867878898845166,4965
2608,CONTEXT_ENHANCED,compact-mlp-24,COMPACT_MLP,24,29,0.17643220573899726,0.8801538461538462,0.8942040461067075,0.8782894545688033,0.27455266341911383,5142
2608,CONTEXT_ENHANCED,compact-mlp-24,COMPACT_MLP,24,30,0.17632995764058645,0.8799230769230769,0.8958487362005606,0.8781006622297873,0.2733000643750056,5319
2608,CONTEXT_ENHANCED,compact-mlp-24,COMPACT_MLP,24,31,0.17528955293186388,0.8767692307692307,0.8765992949087602,0.8729938976042758,0.2722456516213809,5497
2608,CONTEXT_ENHANCED,compact-mlp-24,COMPACT_MLP,24,32,0.1749603486688176,0.877,0.884235175212109,0.874425999494593,0.2768234563697134,5674
2608,CONTEXT_ENHANCED,compact-mlp-24,COMPACT_MLP,24,33,0.17505452220838197,0.8732307692307693,0.8754504821934028,0.8698308438123489,0.2747418090545922,5850
2608,CONTEXT_ENHANCED,compact-mlp-24,COMPACT_MLP,24,34,0.17509599154310673,0.879,0.8931025524597644,0.8766828759923415,0.27403067038408674,6027
2608,CONTEXT_ENHANCED,compact-mlp-24,COMPACT_MLP,24,35,0.17334802984928177,0.8816153846153846,0.8923758010495209,0.8792106137281928,0.2715893700591638,6204
2608,CONTEXT_ENHANCED,compact-mlp-24,COMPACT_MLP,24,36,0.1732898244585008,0.8800769230769231,0.8925391940845637,0.8774826262306777,0.269593507915227,6381
2608,CONTEXT_ENHANCED,compact-mlp-24,COMPACT_MLP,24,37,0.17331907191207574,0.8731538461538462,0.8740148185139885,0.8691639902851903,0.2778988390904293,6557
2608,CONTEXT_ENHANCED,compact-mlp-24,COMPACT_MLP,24,38,0.17301830517820918,0.8741538461538462,0.8825810826385002,0.8718493148311159,0.27768979321765636,6733
2608,CONTEXT_ENHANCED,compact-mlp-24,COMPACT_MLP,24,39,0.17236861091883565,0.8713846153846154,0.882242132445127,0.8687136352957777,0.28099621724331986,6909
2608,CONTEXT_ENHANCED,compact-mlp-24,COMPACT_MLP,24,40,0.17234944981830302,0.8779230769230769,0.8800220441740539,0.8744034609795293,0.27063396538125684,7085
2608,CONTEXT_EXPANDED,compact-mlp-24,COMPACT_MLP,24,1,0.3365161870836621,0.8485384615384616,0.8707695894852042,0.8477734228022239,0.3519600822830363,606
2608,CONTEXT_EXPANDED,compact-mlp-24,COMPACT_MLP,24,2,0.22730561690980752,0.8570769230769231,0.8697686938508706,0.8559662799037651,0.31212422507270876,1121
2608,CONTEXT_EXPANDED,compact-mlp-24,COMPACT_MLP,24,3,0.20352249546795403,0.8645384615384616,0.8807433538748041,0.8632914985885094,0.29401614649673324,1642
2608,CONTEXT_EXPANDED,compact-mlp-24,COMPACT_MLP,24,4,0.192443425076611,0.8691538461538462,0.8907906731624534,0.8685495064272125,0.2892185058900949,2172
2608,CONTEXT_EXPANDED,compact-mlp-24,COMPACT_MLP,24,5,0.18363952405140407,0.8727692307692307,0.8850009587111991,0.8710615028607323,0.2747123169434053,2693
2608,CONTEXT_EXPANDED,compact-mlp-24,COMPACT_MLP,24,6,0.17671691811331577,0.8777692307692307,0.8913077077003452,0.8763445354095406,0.27433755749241007,3205
2608,CONTEXT_EXPANDED,compact-mlp-24,COMPACT_MLP,24,7,0.17348906548472573,0.8838461538461538,0.894538360726461,0.8815670588303074,0.2629807214905344,3729
2608,CONTEXT_EXPANDED,compact-mlp-24,COMPACT_MLP,24,8,0.1705738248559234,0.8877692307692308,0.8968873169557768,0.8854372959208195,0.2522537733538956,4254
2608,CONTEXT_EXPANDED,compact-mlp-24,COMPACT_MLP,24,9,0.16677521920393823,0.8779230769230769,0.8831122925109126,0.8753345522832023,0.26400434050632676,4776
2608,CONTEXT_EXPANDED,compact-mlp-24,COMPACT_MLP,24,10,0.16402163039156006,0.8842307692307693,0.8839427838167339,0.8809190239072198,0.2595962937486568,5300
2608,CONTEXT_EXPANDED,compact-mlp-24,COMPACT_MLP,24,11,0.16296434916413197,0.8813076923076923,0.8878677422832494,0.8787912905315515,0.2618630118698425,5826
2608,CONTEXT_EXPANDED,compact-mlp-24,COMPACT_MLP,24,12,0.16248369505896615,0.888,0.8976312298768659,0.88523476967756,0.2447417916612444,6346
2608,CONTEXT_EXPANDED,compact-mlp-24,COMPACT_MLP,24,13,0.1576466955716608,0.8870769230769231,0.9039240147332533,0.8852009282350929,0.2542072067507411,6872
2608,CONTEXT_EXPANDED,compact-mlp-24,COMPACT_MLP,24,14,0.15624980126490626,0.8854615384615384,0.8877919894785236,0.8821337831851125,0.24716541415056548,7393
2608,CONTEXT_EXPANDED,compact-mlp-24,COMPACT_MLP,24,15,0.15574666546068688,0.891,0.8980602482615737,0.8882791853328819,0.24243513234467254,7916
2608,CONTEXT_EXPANDED,compact-mlp-24,COMPACT_MLP,24,16,0.15512581307963944,0.8898461538461538,0.8943601372602811,0.8869979661585713,0.24831173686905866,8429
2608,CONTEXT_EXPANDED,compact-mlp-24,COMPACT_MLP,24,17,0.15327474462356233,0.8913076923076924,0.9005420135126537,0.8888243059633387,0.24678782745512737,8942
2608,CONTEXT_EXPANDED,compact-mlp-24,COMPACT_MLP,24,18,0.1532325789093744,0.8900769230769231,0.9004590465611145,0.8875563835279497,0.24424140217364843,9458
2608,CONTEXT_EXPANDED,compact-mlp-24,COMPACT_MLP,24,19,0.15091396511909014,0.8869230769230769,0.898928473436532,0.8850002808213433,0.2592584495127678,9970
2608,CONTEXT_EXPANDED,compact-mlp-24,COMPACT_MLP,24,20,0.1508496646099313,0.8930769230769231,0.9056707374864086,0.8905378031299813,0.24468150297832597,10483
2608,CONTEXT_EXPANDED,compact-mlp-24,COMPACT_MLP,24,21,0.14909490510166645,0.8922307692307693,0.9006385388343366,0.8894277624766347,0.24481137316548712,10995
2608,CONTEXT_EXPANDED,compact-mlp-24,COMPACT_MLP,24,22,0.14814805744868353,0.8909230769230769,0.9014764577563305,0.8881760676235314,0.2524347903212141,11511
2608,CONTEXT_EXPANDED,compact-mlp-24,COMPACT_MLP,24,23,0.14821859632055545,0.8925384615384615,0.8981031630919528,0.889496984111112,0.24497957316029279,12023
2608,CONTEXT_EXPANDED,compact-mlp-24,COMPACT_MLP,24,24,0.1468542690248024,0.8872307692307693,0.8885074837585837,0.8839431787865465,0.25548698775110484,12545
2608,CONTEXT_EXPANDED,compact-mlp-24,COMPACT_MLP,24,25,0.14781958935179815,0.8967692307692308,0.9041548662313899,0.893929754210304,0.2400117121971949,13065
2608,CONTEXT_EXPANDED,compact-mlp-24,COMPACT_MLP,24,26,0.14577194321778744,0.8936923076923077,0.8981312493317106,0.8908496441667725,0.24819036491895363,13589
2608,CONTEXT_EXPANDED,compact-mlp-24,COMPACT_MLP,24,27,0.14583686934525056,0.8924615384615384,0.9014497991520174,0.8902202328972441,0.2518072718624181,14110
2608,CONTEXT_EXPANDED,compact-mlp-24,COMPACT_MLP,24,28,0.14493325911213006,0.8912307692307693,0.8975527928980654,0.888635304532376,0.2475628762390279,14633
2608,CONTEXT_EXPANDED,compact-mlp-24,COMPACT_MLP,24,29,0.14488577358473317,0.8943846153846153,0.9003754015522668,0.891417178997281,0.24582392799831335,15153
2608,CONTEXT_EXPANDED,compact-mlp-24,COMPACT_MLP,24,30,0.14430184930362858,0.8942307692307693,0.9003175199959593,0.8907056780339722,0.2444199106419674,15678
2608,CONTEXT_EXPANDED,compact-mlp-24,COMPACT_MLP,24,31,0.1430174724803791,0.8863076923076924,0.8895555129149401,0.8833555645550056,0.2558359414557766,16195
2608,CONTEXT_EXPANDED,compact-mlp-24,COMPACT_MLP,24,32,0.14368785948775048,0.8928461538461538,0.8989374370599735,0.8899004717982466,0.24828878786077582,16718
2608,CONTEXT_EXPANDED,compact-mlp-24,COMPACT_MLP,24,33,0.14320669326799712,0.8949230769230769,0.9004962850924646,0.8917394806351594,0.2402614171817893,17245
2608,CONTEXT_RESEARCH_V2,compact-mlp-24,COMPACT_MLP,24,1,0.3242949892808486,0.8492307692307692,0.8784643392698288,0.8495364397667139,0.34898006832535466,796
2608,CONTEXT_RESEARCH_V2,compact-mlp-24,COMPACT_MLP,24,2,0.22310723945724692,0.8553076923076923,0.8716263376086447,0.8545109308359683,0.3163054793464041,1466
2608,CONTEXT_RESEARCH_V2,compact-mlp-24,COMPACT_MLP,24,3,0.20067255846864474,0.8652307692307692,0.8809577857070133,0.8640086800946497,0.2937027201303701,2139
2608,CONTEXT_RESEARCH_V2,compact-mlp-24,COMPACT_MLP,24,4,0.1882816970219523,0.8769230769230769,0.8952827969845693,0.8755930333812119,0.28142435942276617,2805
2608,CONTEXT_RESEARCH_V2,compact-mlp-24,COMPACT_MLP,24,5,0.1805527606523055,0.8762307692307693,0.8932021525465902,0.8747831679303851,0.27420488669716464,3470
2608,CONTEXT_RESEARCH_V2,compact-mlp-24,COMPACT_MLP,24,6,0.17638575550865165,0.8785384615384615,0.8829344542464445,0.8759955445809898,0.2714909055012254,4130
2608,CONTEXT_RESEARCH_V2,compact-mlp-24,COMPACT_MLP,24,7,0.17020908261983722,0.8801538461538462,0.8925491418756769,0.878505255653081,0.27083574845317404,4790
2608,CONTEXT_RESEARCH_V2,compact-mlp-24,COMPACT_MLP,24,8,0.16848790783607812,0.8843076923076924,0.892718790545232,0.8816595171611189,0.25986585952802826,5563
2608,CONTEXT_RESEARCH_V2,compact-mlp-24,COMPACT_MLP,24,9,0.16457125729215688,0.884,0.8894973939981545,0.8814805642865317,0.2630851513189271,6237
2608,CONTEXT_RESEARCH_V2,compact-mlp-24,COMPACT_MLP,24,10,0.16087828082651068,0.8863846153846154,0.900755509793254,0.8846200113042985,0.26702724854961,6908
2608,CONTEXT_RESEARCH_V2,compact-mlp-24,COMPACT_MLP,24,11,0.15883453217990878,0.8859230769230769,0.8925602515917079,0.883504101441844,0.260178839184662,7580
2608,CONTEXT_RESEARCH_V2,compact-mlp-24,COMPACT_MLP,24,12,0.15707427196445958,0.8876923076923077,0.9006942761385703,0.8855936364302238,0.25564561007155717,8248
2608,CONTEXT_RESEARCH_V2,compact-mlp-24,COMPACT_MLP,24,13,0.15526942910063005,0.8869230769230769,0.9023727902912227,0.8850854051721111,0.263249382105967,8922
2608,CONTEXT_RESEARCH_V2,compact-mlp-24,COMPACT_MLP,24,14,0.15496575878741758,0.8903846153846153,0.8972572262311336,0.8871828268053842,0.2455087971035794,9592
2608,CONTEXT_RESEARCH_V2,compact-mlp-24,COMPACT_MLP,24,15,0.15280532534892172,0.8876153846153846,0.9042633399953313,0.8858932658148735,0.2543152505685537,10258
2608,CONTEXT_RESEARCH_V2,compact-mlp-24,COMPACT_MLP,24,16,0.1519391889076663,0.8866153846153846,0.8949999650568362,0.8841123684887727,0.2565922734673046,10927
2608,CONTEXT_RESEARCH_V2,compact-mlp-24,COMPACT_MLP,24,17,0.15073199674907722,0.8887692307692308,0.8943407979765814,0.8851799955640364,0.25351119959892554,11592
2608,CONTEXT_RESEARCH_V2,compact-mlp-24,COMPACT_MLP,24,18,0.15118997868348524,0.8951538461538462,0.9010181430179648,0.8917123137218375,0.24148498586095643,12261
2608,CONTEXT_RESEARCH_V2,compact-mlp-24,COMPACT_MLP,24,19,0.148724785795199,0.8933076923076924,0.9047278791150258,0.890792611835273,0.24991957354729688,12932
2608,CONTEXT_RESEARCH_V2,compact-mlp-24,COMPACT_MLP,24,20,0.14769155008878856,0.8925384615384615,0.9043340591970402,0.890085490895642,0.2511250548088195,13598
2608,CONTEXT_RESEARCH_V2,compact-mlp-24,COMPACT_MLP,24,21,0.14709195874779907,0.8900769230769231,0.8989608895666276,0.8868311235542793,0.25540608144439114,14267
2608,CONTEXT_RESEARCH_V2,compact-mlp-24,COMPACT_MLP,24,22,0.14669957412053858,0.8903846153846153,0.9023932216873368,0.888351064862981,0.2558469034581372,14934
2608,CONTEXT_RESEARCH_V2,compact-mlp-24,COMPACT_MLP,24,23,0.14681241953660484,0.8917692307692308,0.9034232221803071,0.8887544470813366,0.24838875178397754,15602
2608,CONTEXT_RESEARCH_V2,compact-mlp-24,COMPACT_MLP,24,24,0.14585142742693388,0.8952307692307693,0.9078974573148605,0.8927829319863997,0.24861874513795762,16262
2608,CONTEXT_RESEARCH_V2,compact-mlp-24,COMPACT_MLP,24,25,0.1445732716479548,0.8951538461538462,0.9049670635141146,0.8923810402565887,0.2463398928512838,16917
2608,CONTEXT_RESEARCH_V2,compact-mlp-24,COMPACT_MLP,24,26,0.14449788728999932,0.8929230769230769,0.9002825000643807,0.8898520449066808,0.24819454725545526,17581
2608,CONTEXT_RESEARCH_V2,compact-mlp-24,COMPACT_MLP,24,27,0.14256930487581868,0.8838461538461538,0.8840792359519548,0.8796980349301463,0.2612288503667099,18250
2608,CONTEXT_RESEARCH_V2,compact-mlp-24,COMPACT_MLP,24,28,0.1429852789253286,0.8898461538461538,0.9015313196155326,0.8876277588896606,0.25595512467129433,18922
2608,CONTEXT_RESEARCH_V2,compact-mlp-24,COMPACT_MLP,24,29,0.14298094403987907,0.8882307692307693,0.8983002892531151,0.8858194740915509,0.2531284153670872,19591
2608,CONTEXT_RESEARCH_V2,compact-mlp-24,COMPACT_MLP,24,30,0.14350549609129956,0.8971538461538462,0.9101873361150895,0.8946734090365891,0.24409675852556958,20257
2608,CONTEXT_RESEARCH_V2,compact-mlp-24,COMPACT_MLP,24,31,0.1418291979933096,0.8917692307692308,0.8996340097924719,0.889194302414417,0.2498651896459783,20925
2608,CONTEXT_RESEARCH_V2,compact-mlp-24,COMPACT_MLP,24,32,0.14254597547098147,0.8952307692307693,0.9051551585831938,0.8925372960047911,0.24069033843109786,21587
2608,CONTEXT_RESEARCH_V2,compact-mlp-24,COMPACT_MLP,24,33,0.1416538344944885,0.8936923076923077,0.9028941886673136,0.8910586209697661,0.24501568405612503,22251
2608,CONTEXT_RESEARCH_V2,compact-mlp-24,COMPACT_MLP,24,34,0.14077278504854357,0.9001538461538462,0.9049416623025935,0.8967238360045865,0.24449229646278628,22904
2608,CONTEXT_RESEARCH_V2,compact-mlp-24,COMPACT_MLP,24,35,0.1409866928736018,0.8942307692307693,0.8995299017072457,0.8912081076772891,0.2457114823069016,23557
2608,CONTEXT_RESEARCH_V2,compact-mlp-24,COMPACT_MLP,24,36,0.1417632413215074,0.8913076923076924,0.9053475665305477,0.8892647499731271,0.25581684306176083,24210
2608,CONTEXT_RESEARCH_V2,compact-mlp-24,COMPACT_MLP,24,37,0.13890295498572017,0.8933076923076924,0.9005425437287288,0.8900860855240057,0.24822897440650454,24875
2608,CONTEXT_RESEARCH_V2,compact-mlp-24,COMPACT_MLP,24,38,0.13861799121067855,0.8961538461538462,0.9044073716401444,0.8932923202611166,0.24694531333562683,25545
2608,CONTEXT_RESEARCH_V2,compact-mlp-24,COMPACT_MLP,24,39,0.13888700301225537,0.8921538461538462,0.89696860693787,0.8890455381369687,0.255272942079353,26213
2608,CONTEXT_RESEARCH_V2,compact-mlp-24,COMPACT_MLP,24,40,0.13979150525586523,0.8955384615384615,0.9013241340374822,0.8925401507626912,0.24691630209658091,26884
